6132.9081	2678.0413	1375.0506	153.4641	118.2972	145.5272	574.8163	554.7445	4273.3948	1782.4239	3454.2975	775.2786	133.1137	192.7524	150.7746	516.3205	704.8853	3961.1976	4071.7513	855.9526	2045.2960	192.4531	151.2231	132.6316	703.7992	3801.1316	499.8583	6462.8452	649.8719	1491.2829	203.2763	168.8868	164.2678	132.9197	5338.6271	96.6354	2967.3509	4739.1880	2462.4611	132.8180	176.0681	147.6537	761.4553	574.1447	3341.1626
3638.5677	4068.5330	2502.8993	185.7561	85.9623	127.7003	1391.2900	954.3405	571.2942	1609.6708	615.3334	3677.9958	211.0446	122.8506	129.2766	1048.8938	2757.0623	632.3321	1831.7083	741.2958	4258.9959	210.3405	128.4612	129.0169	1073.5102	2824.0088	623.3260	817.0173	1960.2760	5895.7067	142.8513	94.7162	185.4858	5378.9994	147.6188	106.2981	2416.7160	7569.1745	165.1094	185.7481	169.4467	45.7237	2016.4222	698.9188	980.4670
188.8479	1554.6816	8455.4705	49.5500	193.3685	172.2213	1047.8202	1726.9995	642.3766	1278.7848	701.1063	3773.1089	258.6831	138.4063	197.1392	476.2173	3205.7730	1481.6521	746.3767	4473.2762	1430.3471	139.4755	197.4684	259.2348	3168.0507	1492.3778	458.7463	5679.8554	2576.9190	1314.2256	168.0524	99.4676	143.1879	119.5317	40.8924	2873.6713	3439.2890	6034.9839	355.7271	264.2388	215.4636	89.8084	350.7180	1082.5810	2946.2942
5218.7341	2692.5937	2217.6721	231.4045	104.0393	208.6322	587.2563	1062.1322	703.9650	1986.0969	1795.9685	2186.9345	193.6855	210.7279	139.4341	549.4958	975.8005	2014.7239	2289.2846	2481.9166	2132.7989	208.8196	139.8381	193.7755	975.6226	1953.9895	539.0196	7072.4180	1050.4379	839.1441	242.4740	94.0025	140.1640	154.0466	177.4338	4913.7580	206.7393	3586.3356	6280.9251	58.6756	169.9402	248.6302	1598.7375	1521.9331	526.4436
6233.7501	2162.0660	1804.1838	128.6014	133.8744	197.3564	696.7481	2680.1442	1377.8109	4926.4562	946.5504	111.9934	180.0064	194.8874	60.0241	674.3171	1588.4971	1545.1286	6116.1128	123.7765	695.1107	180.1223	64.5956	202.8170	695.1015	1699.1716	1510.4709	681.5807	6619.3034	2040.1159	163.3014	194.7115	158.8117	5178.1984	143.9831	139.5555	5846.1344	1265.0661	3106.7995	163.9568	154.1136	190.3869	737.4039	4453.7836	475.2038
873.3092	3404.7285	5872.9623	124.5183	234.0803	137.2625	3328.3531	883.8607	711.1797	3611.6585	893.7329	1498.6086	130.8921	146.3320	116.4440	670.7110	3789.9760	460.4416	2717.9633	3251.0959	984.9408	115.3397	136.0716	146.3805	476.1085	588.8818	3684.8066	4685.6538	4890.2029	441.1433	236.1417	210.5750	168.1145	84.1612	94.2666	6630.8773	4507.0761	5312.2116	348.7123	189.1608	177.9630	84.8928	1236.8115	1054.6902	2478.6940
5539.9556	4451.8373	232.2072	188.9589	209.8083	60.1337	750.8153	879.1713	1452.1330	2252.3811	452.5696	3284.0493	188.1623	149.2360	166.8058	765.9950	5132.3794	567.2202	314.5789	5187.0219	1443.3992	128.7683	171.7905	190.5670	4725.6755	634.8733	1199.0659	300.0094	938.3277	5729.6629	233.6992	94.4188	217.5447	1340.3289	959.1524	91.5438	6904.0426	3107.8544	178.1030	229.8824	156.2080	47.9240	739.4536	839.1338	1086.4344
6784.8866	273.0804	3203.0330	221.7977	70.2995	212.1512	550.4031	1944.0185	992.8959	2216.8893	3236.1944	468.9163	186.9693	179.0436	138.6660	542.8078	1200.9669	4294.9790	4113.1740	2175.1226	565.7034	179.1584	188.2741	144.4078	1088.2472	521.2249	4254.8883	3854.1398	619.0768	3482.7833	181.5533	168.3970	199.8725	70.8542	5136.4676	62.0407	7373.5175	751.2265	2117.2559	174.5758	137.3099	186.7289	685.9710	4796.5926	1287.6490
8443.5695	198.3615	1563.0689	171.1002	52.0227	202.7530	826.5702	1140.5175	1455.9977	2600.4083	2359.5514	106.0404	269.7776	181.2432	57.5167	350.7307	935.4157	1617.3480	2705.0838	109.5220	3034.3943	180.9903	58.9282	269.6906	909.7185	1680.9294	352.4642	4676.0006	3971.5360	307.4634	225.4704	256.0063	140.4426	70.4476	135.5210	5799.2548	2113.1464	6314.9889	1828.8647	176.3612	160.1443	152.0714	845.4706	1095.0853	3715.1293
6023.4097	3173.4545	1011.1358	161.9826	180.3537	153.1221	532.5589	733.7807	5009.5335	5218.7073	106.8688	608.4239	153.6911	56.1454	206.8096	683.0071	1316.4726	1485.4956	108.1258	806.4027	5955.4715	56.6095	198.5351	153.5685	1328.9340	1658.8947	674.6596	3896.0200	5391.9230	636.0569	192.2260	219.9230	180.6023	69.5754	152.9550	5615.5911	4142.6081	5810.3931	192.9989	202.1562	165.9289	50.5508	1061.9568	704.8656	1081.2669
248.2480	4977.5993	4911.1527	65.5899	208.3964	182.9027	1699.4707	686.4297	1640.8091	2585.5220	3318.0933	103.3847	198.8408	178.5715	57.0224	1049.5581	1145.4937	1509.5306	4615.7841	2238.1982	103.0176	181.4894	199.5629	56.7254	1172.0681	984.7252	1489.2741	6154.1684	1992.9901	916.8415	207.6714	176.3249	159.6148	121.3981	54.6824	4691.3131	1736.3812	1339.7366	7083.8822	136.6379	167.9887	143.6669	2843.1934	2632.5309	1215.8468
4629.7727	2913.8197	2622.4076	178.1499	128.7256	150.0834	606.9880	1216.2059	3181.8633	2679.0417	3152.9810	178.9773	136.1827	180.3922	83.3045	568.0254	1512.4573	2252.2548	3698.3090	2920.7121	336.9789	178.8085	135.7776	116.1912	1489.8542	537.4677	3337.6088	2261.4938	3338.4061	4440.1001	166.6519	223.0346	243.0811	2155.5399	61.7212	84.9382	4258.0183	5593.1723	184.8094	237.5447	167.9607	48.8237	770.7846	820.7197	1065.5398
1556.9272	8587.4519	139.6209	122.2414	119.7178	258.9407	2338.9419	583.8230	826.6032	2394.2101	2892.1708	713.6191	189.1242	172.6733	154.3330	486.9278	580.1888	4253.9100	3694.4378	2490.0734	765.4888	172.9319	190.8131	154.7351	562.0289	470.4470	4140.8637	5797.9174	1842.4293	873.6533	119.7853	178.0887	160.8291	97.9556	57.8637	4752.1886	9127.9039	451.1489	540.9471	147.9888	91.4485	221.2778	871.3150	2354.6032	1394.4186
3741.9327	1363.3819	5109.6855	185.3217	153.9851	162.7701	537.3006	4298.1990	687.5707	3949.4099	1389.9631	649.6271	176.4291	188.2405	163.7361	564.5917	608.5816	4866.2797	4289.9029	1913.8829	739.2142	173.0376	193.4372	166.8374	520.8040	455.8460	4662.5081	5785.9586	2219.2664	1362.7750	233.7710	170.9911	209.0068	118.2007	2435.2352	87.2188	205.8669	7729.8499	2258.2832	53.7164	177.2432	220.5780	1211.9878	831.1797	967.6898
3136.2059	1648.5078	5420.2863	132.2674	152.7178	188.6965	522.5164	3905.4167	579.1481	3522.5081	2067.0007	112.4911	185.8153	260.9385	63.1989	1427.3650	447.9920	1886.5736	2378.6142	123.5390	4097.8469	261.1604	67.7421	186.4807	443.1534	2054.1571	1412.3989	2035.2729	6186.2497	662.4775	129.7542	220.1309	155.0758	140.6221	114.6076	5928.5182	8686.0999	226.1508	1277.7493	182.3223	58.4175	249.8499	678.0822	1377.4583	551.2279
1318.9192	2950.4848	5877.5960	150.0900	150.6745	137.4162	4331.4025	620.8422	526.8788	3587.5113	603.5682	1794.9206	176.9652	154.4182	188.6553	561.0621	4613.6806	581.4424	4264.9918	641.1101	2032.8982	176.3555	154.9519	190.1994	554.2747	4515.1514	560.7757	6177.9279	1326.8211	575.2510	165.1879	219.5570	166.5930	111.2484	76.8690	5534.6450	2813.6152	1860.2293	5462.1555	207.8143	113.6407	172.9408	1159.6565	1825.8067	547.5808
7695.4844	2192.5353	258.9803	190.4507	234.3903	66.8845	614.3895	715.4949	1755.8239	2290.5865	3556.7023	132.7112	196.1479	231.0526	70.1584	921.0699	587.3662	2061.3208	3357.6821	142.3775	3430.9404	201.8293	74.3874	232.9187	956.0880	2260.8161	540.8637	4109.3912	646.3156	5268.2931	191.2552	161.5841	159.6621	76.8384	4875.9015	102.6273	7276.6896	1761.1718	1096.1387	150.0234	158.9556	151.3333	577.5867	653.4442	4764.5272
4231.1803	184.8029	3235.0168	172.4622	48.6047	274.8304	939.2098	1091.5876	279.9750	3807.0560	154.9920	2005.9520	172.7981	76.3303	214.8618	1138.0582	2105.8120	944.1108	3874.6763	2887.5779	146.7457	168.6015	211.7854	72.5243	1043.0409	926.5358	1919.9915	3733.2416	2751.4719	1620.2865	165.7158	182.6949	147.3378	62.5261	38.9926	2357.3166	6256.3506	3731.4361	248.2132	204.6394	206.4035	64.0295	487.3824	989.9651	1617.5762
5870.2780	2439.0360	1922.6861	135.9232	172.4104	156.1739	513.1129	770.1101	3758.6590	3759.3510	2068.1068	113.5422	129.8176	100.1743	238.9658	643.7863	1073.0136	1513.0098	4577.6803	2205.2600	113.0597	129.6949	98.1102	239.2753	645.0410	998.5581	1496.8338	4223.6392	4312.2864	527.0744	161.2845	193.5879	166.8402	55.5921	116.6364	5602.9450	4049.7178	194.9287	5922.3536	166.1232	51.5552	227.0848	865.0559	1182.0603	701.1443
3451.2897	277.6024	6403.1079	235.7230	71.4495	198.3741	740.5897	1995.4018	741.9756	2906.2650	2931.4087	119.3263	199.6587	161.6739	62.8151	985.5653	749.5529	1617.7184	3388.8910	133.9659	3383.1430	199.8478	67.9228	161.2811	952.1830	1773.5326	717.5652	471.9469	7685.1174	145.9357	187.4941	145.7412	56.7232	2327.2300	204.4595	894.6267	5946.9695	3981.4806	187.5499	217.4772	155.6004	49.6566	900.6103	680.4039	1091.0370
4206.8462	2392.5047	3542.6491	222.9194	132.5623	196.3212	810.1947	2518.2371	821.8980	131.2986	2259.4373	3595.2641	68.0516	226.8871	163.6244	1863.0047	708.4566	588.0825	4202.4526	138.7773	2585.7701	163.8159	70.7989	226.8614	584.8736	1944.5051	687.6751	6259.2991	2579.9448	492.7561	166.6527	272.6040	147.3950	124.8210	103.4231	4677.5365	1750.9279	3617.9222	3140.1500	284.2537	252.6856	166.5703	92.3779	357.5339	2624.4110
6557.8928	1035.5130	2557.5942	169.9907	149.8915	189.3252	784.4738	4751.9065	819.8374	4487.6803	1344.3907	104.9290	183.7368	193.0975	56.4209	722.4977	1378.0710	1420.1714	112.7413	5361.5411	1408.7176	59.6805	183.7534	194.1323	1537.8115	726.9901	1331.1883	9582.4677	164.7919	170.7404	165.8153	249.5064	71.7767	284.5546	781.7972	1456.2205	4453.0909	3539.8165	2227.0926	124.4733	183.2298	150.4631	567.7566	748.4798	3428.0441
1162.3927	183.8628	8867.7445	189.9753	48.9107	182.7383	2077.4659	1051.3745	565.6624	638.3418	5116.9426	170.7156	218.4429	161.3947	77.2592	1483.5742	950.9958	1912.3102	234.0484	6114.3139	507.6377	93.7806	162.5780	228.8708	2489.8641	957.3527	1224.0780	5095.6414	562.3625	2104.9961	172.7590	162.4150	189.7896	111.6123	5043.0162	37.8030	3619.0471	5621.3475	905.6054	184.7625	169.4263	147.1968	933.5589	716.4709	4976.8549
7280.3373	179.9468	2731.7159	167.6324	48.4936	235.6886	1061.1244	1077.4619	693.6872	4266.9074	1429.7773	168.3154	140.5307	249.2489	78.6888	594.5236	549.7026	2091.8519	4800.3449	380.9810	1592.6742	140.3987	121.4602	249.7794	570.3882	3464.5804	524.0250	3635.4106	3041.1687	1432.4207	199.1077	176.2743	152.3585	40.3077	45.4707	2436.9569	6591.9752	3444.1791	193.8456	165.6433	211.3676	51.2115	804.5955	990.5346	1123.9719
5854.0961	1767.7646	2632.1393	181.5195	152.1502	132.3148	491.2687	3776.8313	697.8836	4946.3975	944.1229	107.4796	169.5041	199.4850	57.1591	663.2665	1390.3078	1394.3132	109.8449	5809.7221	1037.4330	57.6640	169.5484	200.0016	1408.3595	661.4627	1323.0132	5683.7288	3294.5578	107.7134	172.2603	141.6111	256.3741	125.1029	1082.3268	576.5736	2171.0565	4037.7797	3942.1639	149.9823	205.0177	122.3827	3390.1107	686.2557	501.7633
3808.0703	2107.5127	4127.4170	229.7993	145.6500	206.8897	749.7515	3036.1696	596.3267	2078.5125	1254.1362	2607.3514	178.0776	126.2736	188.5188	1655.7036	2375.9772	566.2908	2503.2277	3237.6131	1132.1592	174.1057	188.4996	121.0610	1745.2719	587.7607	2288.7599	1419.1135	689.3004	6230.5861	128.7401	153.3935	181.9208	89.4011	4706.7033	115.0109	7672.5930	1849.7946	652.6124	148.9322	233.2183	108.3954	1123.6032	696.3036	2737.4925
2755.6958	3469.8493	3914.4549	216.6137	159.1106	231.6433	449.2958	2643.9339	544.0024	165.8855	5725.7822	117.3323	244.3797	152.8009	60.4178	922.5586	673.8572	1417.0885	6675.3233	166.3151	111.3615	152.8525	245.7338	57.8184	673.2153	892.3203	1323.3953	1108.6318	6955.4767	509.8914	177.9757	227.4536	165.6123	116.5010	146.4667	5970.8779	175.7346	6882.3751	3137.8903	48.1167	182.5690	201.1844	1089.2911	1477.6236	556.2860
5992.3343	3956.5771	204.0886	162.7582	245.4768	54.2888	922.2944	541.3057	1270.3312	2727.8296	2508.1134	713.0569	181.0242	64.3802	86.6523	878.0378	596.4946	401.1800	3730.2418	627.6298	2525.1284	69.8937	176.3657	180.9476	657.3732	2736.8051	515.8449	2772.3723	5012.2813	1117.3463	225.9072	177.7835	169.7285	120.1572	84.6434	3850.3834	1114.7233	5097.0294	3960.2473	121.4778	214.3178	140.6978	2777.1724	758.0735	896.2540
375.2100	4900.5084	4849.2816	82.9738	193.1209	141.7763	2133.7163	1433.0089	738.6076	2673.3153	1163.6889	2146.9958	186.8363	151.3607	164.9533	487.9951	3212.0925	1510.7305	2908.2832	1070.1472	2951.5696	165.8910	150.4510	187.0462	1523.1148	3280.1970	467.9177	3302.9046	2744.6868	166.4086	168.1265	190.5346	75.4541	44.3122	621.9344	1717.2528	2156.7383	5822.5508	2189.7109	156.1096	154.5287	118.9908	3026.0114	1156.1424	1627.8909
8243.5685	1700.5570	174.8744	166.5465	224.9482	47.7467	1118.1822	1163.9521	1040.5835	4489.6963	1293.3259	157.9778	197.3904	236.5854	81.4311	613.3983	815.7298	2538.2745	2444.6298	167.8332	4261.5370	223.6289	85.1625	195.8600	987.1686	2716.2082	576.9758	4913.4973	670.6999	4363.8029	194.6330	169.0912	153.4607	154.7551	5166.8629	67.1145	6713.1860	3213.0096	220.8044	178.1373	205.2054	58.1352	1134.2126	1257.9574	1382.9355
3169.8533	4076.9704	2880.1763	140.6740	220.5147	195.4757	2516.0006	854.3326	695.8779	2220.1985	168.0986	3571.7029	216.7732	81.6878	176.4811	1066.4232	2344.5064	1078.3390	4693.2067	2047.0383	148.7550	179.0976	220.2566	74.3951	1124.4519	987.3571	2038.2138	716.9039	5852.6532	3085.4429	164.0228	217.4095	153.6467	55.0230	119.3507	2477.6214	4791.1957	4524.2958	841.5085	193.5721	181.1912	143.7209	799.9229	802.1622	4947.4346
4399.4524	3316.1673	2203.3803	128.8186	253.0276	143.0619	590.6233	586.4363	2999.9605	1998.7920	1290.2305	2747.9775	140.2239	228.7451	154.7167	2257.1419	789.7356	1419.6551	1461.9322	2359.7474	3154.3205	228.5523	141.4256	154.9848	765.4800	2165.9375	1443.9068	5868.3140	2782.8541	1259.8319	187.1748	208.6155	165.6524	156.2627	65.2639	3286.0584	4578.5750	5264.0613	282.3637	211.4097	247.9411	73.1557	925.6658	514.0084	2117.7567
6558.6186	2370.1094	405.2721	232.8876	272.7328	102.6419	740.0466	224.2968	3832.7131	2214.7892	448.8164	3318.3944	182.2587	153.1616	175.2081	631.7517	5410.9857	504.8989	3224.2494	3242.1506	462.6000	184.9479	171.0848	153.6778	546.0891	486.0553	5344.2741	705.7582	7645.5949	1787.6469	162.7936	179.0341	241.2130	5330.8409	411.6996	79.0914	5258.5104	2353.9772	2595.5124	132.2588	128.9562	176.5227	1050.7044	2364.6863	1858.3823
746.9355	5608.5533	3766.5112	133.8517	192.3320	147.7202	4553.3532	949.6371	468.5490	1355.5871	2313.3261	2205.0869	118.7971	245.0609	145.7908	645.7534	628.1448	2628.9262	2680.5998	1621.2666	2479.1336	245.0161	118.7033	146.7245	617.6415	631.2380	2580.4343	4304.2921	3037.1734	1369.5345	127.9602	146.8686	152.6775	89.5970	55.0581	2927.5573	6629.1906	3354.1597	216.6497	190.1439	212.5878	56.7127	983.0258	999.2515	1339.2098
4753.8298	1658.2968	3707.8733	118.1762	214.2048	197.1285	1098.6001	998.4574	473.5090	2540.2854	3300.0156	99.6990	199.1624	165.5555	54.8116	1089.3257	953.3544	1391.7885	2966.0615	3821.2462	99.6923	198.6563	165.6918	54.7251	1085.3507	946.4277	1383.7497	5546.1047	3608.5332	182.3622	126.1930	173.7532	63.9525	106.3693	844.4489	1127.2356	5832.5689	982.0356	3415.3954	164.4856	154.1444	187.9541	484.9364	5145.0076	459.5970
6540.1851	2725.8355	945.9794	216.2801	159.7970	125.5428	628.0156	1637.2626	3214.1415	128.7199	5432.9158	377.3643	66.5833	174.6459	251.9568	1769.4800	601.1309	599.1518	6321.6776	406.3353	131.9871	174.6545	251.4278	68.0147	598.0982	610.7986	1789.8896	4498.6936	3620.5712	1978.7351	196.1611	112.2285	133.6633	234.0976	364.7565	36.4858	4161.7072	1059.6270	4940.6658	207.8136	124.0218	171.0908	1182.3154	2951.0000	1584.3370
1698.0164	3757.7975	4699.1861	217.1067	116.8282	202.1745	908.5753	1169.1356	461.1444	3714.8050	116.5952	2123.5998	239.1545	63.1902	169.0558	704.3882	1833.0558	877.6659	4328.8281	116.8016	2453.3704	239.0190	63.1810	169.2023	697.4230	1827.4746	854.8335	4360.8497	5087.5397	615.6106	150.1783	236.0731	163.2868	76.7170	99.9793	5517.1593	233.9643	3081.5564	6739.4793	60.2943	262.8221	196.2808	1478.4947	364.1917	829.2711
7436.5726	457.8198	2208.6076	170.8109	88.4412	224.9394	1019.3072	2152.8972	891.1713	4205.8112	1681.6566	120.5322	184.0140	207.8126	64.8514	1336.9837	430.0531	1764.3027	1824.3971	156.9096	4971.6933	208.8339	78.0423	184.6674	410.1551	2226.0201	1268.7585	3410.0080	1952.3947	3205.5973	228.7044	180.1270	211.2725	53.5906	2393.7689	52.8037	7774.4374	1846.4431	573.1195	165.3513	152.8086	116.3270	608.5743	3412.6481	2072.2619
4032.2768	5987.1704	144.5528	145.4864	200.0865	39.9460	885.2321	1178.3664	822.0538	162.7556	3487.9771	2311.2672	83.9906	214.2968	247.4349	2763.6997	812.3567	501.1244	4137.8693	2600.6337	163.4970	214.7140	248.0956	84.7047	791.9769	484.0575	2790.1493	5990.9126	240.7001	698.3873	195.8484	106.5863	216.9127	106.8365	3460.7708	1281.8785	3320.4212	2432.5840	4461.9947	190.4054	134.0268	135.6732	1503.1648	2560.4133	1068.5084
4349.5713	2197.0430	3587.3857	112.1530	93.8083	168.6072	508.3468	1203.4755	1898.7615	596.3579	1354.4937	4057.1484	153.2513	178.1139	154.3557	4566.2654	837.7843	529.1434	5070.2420	622.1125	1259.6455	154.8446	153.7187	181.9399	541.3677	4502.8428	776.4731	2169.7440	5631.5779	541.6781	171.2401	243.2989	161.8740	109.5094	91.5484	5667.5985	5081.4979	1346.1529	2706.3492	169.0704	280.2789	150.0801	608.8677	178.5270	3217.2748
3936.6572	3397.8288	2821.5140	216.3617	110.4705	122.1053	1009.3538	641.9453	1984.7579	2886.5399	1084.5768	1892.8833	107.5213	253.9079	197.8100	1440.1373	577.5305	1093.4374	2243.6203	1151.5619	3363.8178	200.1474	254.9744	108.3855	1105.4990	548.2334	1447.0982	4405.2312	621.9128	3000.8561	185.7608	170.2329	204.0922	87.3469	5304.3968	52.6675	3732.8198	5246.9338	342.2464	273.8836	229.9190	88.2529	216.1027	824.9904	2999.8999
6342.8792	3607.0042	188.1166	176.8454	199.5472	50.5168	1189.7479	1186.0028	1128.9359	3353.8797	622.8877	2023.2326	224.4070	130.8480	139.5551	804.3545	3109.4519	788.2074	3932.4260	2588.0939	426.4801	224.2459	140.1637	116.4645	791.5580	834.3271	2939.4838	621.7515	1080.2448	7423.0038	164.0939	216.8654	170.5623	5458.8100	101.9768	170.9968	259.0315	1814.4357	8125.5328	66.8268	218.8555	162.9873	1687.3284	1162.0381	1076.9146
2895.1697	1844.4990	5341.3313	119.0537	145.7754	157.5967	802.3641	3748.4328	618.1428	3255.4420	755.6456	2023.9124	142.4315	150.3506	182.6754	631.9417	3962.6006	1016.0606	2813.0867	3378.3489	802.5644	178.0523	140.6686	151.6991	1050.5571	595.1506	3952.2891	6612.8589	593.1792	310.9618	205.0100	167.5660	164.7008	126.6401	5656.8811	110.7471	2318.1722	164.6207	7744.2071	188.8553	43.7070	154.6422	1596.3975	856.8107	705.0468
5800.1959	3440.2984	1057.5057	152.4277	175.1724	152.8545	450.6407	430.4076	4893.2789	2316.3795	614.6955	3038.9250	148.8876	153.4279	194.4235	511.7870	4508.1452	600.6512	3835.6062	2467.7093	616.6845	192.6461	146.7230	152.5102	631.0640	476.1118	4480.7445	801.9301	2371.2966	6314.7733	136.1685	176.7152	108.3401	4639.3618	39.4940	134.6543	3667.7088	5732.4770	729.8142	200.9525	138.3174	109.6571	1022.7473	587.1912	2726.5247
4732.3116	1660.0057	3763.6827	216.5215	136.5755	127.0227	1000.1030	2884.0995	825.4014	2369.6121	3277.5373	245.8506	214.5334	246.0155	111.6494	993.4508	585.5722	3848.4394	3108.5560	3385.6949	326.7491	249.9478	218.4120	127.0948	517.8243	863.2404	4116.5456	2735.8172	618.7276	5360.4552	194.6666	165.9517	175.3746	62.6877	5050.9439	143.5722	7246.8573	2835.8026	160.3400	163.7211	191.5532	42.8529	881.2282	1462.1206	844.9916
908.2161	1629.1350	7615.6488	128.2408	238.4298	136.6463	3498.0455	893.0510	578.8573	331.1668	321.8714	5333.9618	194.8558	111.7800	150.7674	2484.2736	2945.0330	1097.4165	4559.9079	1061.3672	1310.7250	160.7464	151.7820	117.2643	762.8243	3640.9420	410.2952	5693.2940	2221.7546	1840.9514	135.3327	171.2713	165.9204	119.2695	2704.2549	76.6486	2652.2777	7056.8929	582.8295	192.8524	176.4159	108.6931	471.9476	1516.3347	3077.3972
8349.8039	201.5467	1546.6494	176.2936	53.1107	239.0020	990.2576	1203.8539	718.2545	1.5642	3514.4995	2372.9362	159.4344	210.1953	82.1263	4555.8767	669.7747	723.5411	2731.7965	1558.6970	2528.5065	81.8650	211.4166	209.2110	697.5906	969.5185	481.2617	171.4377	7717.2669	178.2954	78.7804	160.7697	239.1039	1956.3413	171.8194	975.0749	3718.6181	4563.5276	1920.8542	106.3826	174.2059	94.2165	571.8310	1672.0193	1252.5948
3961.8296	5898.0548	247.1156	248.8695	201.0307	63.9639	468.4185	845.6088	1645.7160	951.2982	2837.8087	2136.8930	160.6628	249.1876	223.3826	3305.3666	433.6822	477.2541	3214.2745	1051.3104	2572.4151	250.3414	162.6193	223.1351	411.2699	3208.0242	435.7893	3470.8298	525.9406	5626.2295	185.8759	170.5873	218.3711	88.0510	6009.1783	106.1216	175.1273	3741.8147	6285.0580	48.0481	201.1839	171.4369	1075.0277	1109.0785	1311.2430
5705.5457	1149.4271	3253.0272	205.2663	138.6194	129.2821	744.7787	3796.3954	507.5550	1235.4789	130.1640	4601.3571	203.9620	67.5114	175.8211	1393.9734	1819.5932	727.9057	5679.1928	1109.2968	122.5104	176.6444	207.2334	64.1915	749.2944	1451.8824	1667.7216	565.5479	6571.4949	1177.9573	161.5281	183.3794	150.8606	5183.2185	131.6655	57.0278	6710.6319	169.9094	3318.4587	165.5666	44.8121	208.8064	882.3305	908.6062	1124.2945
8671.5921	195.8372	1381.5707	183.7304	51.5382	193.7147	588.7726	1134.7393	1826.0569	2446.2605	2206.2536	1324.4858	133.6127	236.1286	127.8080	1191.2149	612.2042	2294.1112	2264.3426	2468.1711	2177.4863	135.8543	236.6201	130.9405	2282.5524	587.8110	1036.2383	2877.8246	6710.9440	487.2314	247.1791	185.9175	154.3965	136.7980	204.7504	5679.2127	4641.0558	5330.5521	228.3921	214.4348	189.6584	59.4641	955.1041	871.2913	1444.1966
2150.0621	5168.4037	2898.5342	233.6201	140.6464	119.0891	747.3259	1342.5994	1889.1071	3003.8616	1830.8976	1132.2407	116.7906	168.7956	145.2995	594.8906	642.9524	3486.6509	2495.7503	3197.5208	1219.7288	164.8561	114.6238	144.6158	727.1354	552.4970	3408.9713	3592.2043	4262.1437	1694.6520	284.5630	161.9879	201.4399	75.4100	75.9635	3647.7514	6116.7306	3917.5186	239.7509	190.5342	211.4477	62.3365	779.4524	1113.8849	1564.2987
4455.3069	218.3752	5621.3179	195.5240	56.9560	190.8462	1222.6621	1343.3319	690.6294	2611.9667	198.6892	2704.3441	231.1671	101.4024	272.7947	790.0221	3854.4510	228.0054	3131.1997	3048.4045	209.3958	272.9221	231.6424	105.8697	226.4507	777.8064	4058.5244	5639.2444	2119.9029	505.8527	161.6560	278.9865	150.0441	92.0371	61.9751	4945.6141	1534.4640	4815.7986	3816.7374	81.2853	210.9348	214.7678	873.4736	518.2408	827.0571
1007.7554	450.4977	8747.7468	108.3372	208.9645	155.5498	2122.2655	2275.1491	765.9923	3809.0251	1759.6962	399.2787	142.4829	240.0153	112.3271	1019.6568	558.1163	2713.6150	740.5063	1990.7599	4175.7338	130.5652	240.0447	142.2851	2833.0655	541.5108	977.4149	6328.2478	283.9991	286.7531	168.0665	242.8799	100.3121	116.9859	916.8918	2568.4515	3816.1501	5385.0456	1019.8043	188.6427	177.2695	147.7694	460.1039	1030.3489	4654.2960
941.6698	912.0455	8289.2847	70.4636	198.4324	174.8211	886.5885	1943.6091	601.4050	3760.8517	2053.5021	115.6462	193.7006	247.8614	62.3052	1070.7510	571.6664	1748.1058	2564.7690	122.4260	4172.8050	246.7346	65.1582	192.1701	577.3352	1867.0956	1003.1935	4095.5513	5288.3666	482.0821	181.9220	270.8596	160.3407	176.5297	98.0605	5316.3872	1627.6144	3844.6890	4729.6966	145.5009	113.2836	151.6184	3938.7164	554.0110	710.9686
1881.0400	7442.3917	880.5683	148.8263	163.7680	120.9111	3687.5243	675.3050	515.6256	1778.7738	1718.1691	2462.0571	110.1962	193.1184	178.1745	1285.3535	1383.0111	595.3248	1968.5505	2967.7547	1951.6948	190.9538	178.5187	109.1450	1433.5283	613.7267	1209.1337	651.1075	6176.9951	3272.8974	168.5978	222.3676	165.8764	5311.0316	161.4575	102.2660	7965.9036	1934.0965	166.9999	172.2036	247.9212	45.1762	1114.4313	614.0363	965.5984
6100.0435	1189.5340	2512.4225	148.2359	269.9351	227.0790	2220.6912	287.5598	673.2421	5078.5299	701.6453	156.8248	181.1447	253.0199	76.4383	1117.4135	547.9569	2065.6700	180.6743	5831.3658	842.9599	83.2674	180.9009	251.1821	2297.3902	1078.1451	564.4159	1806.6206	531.9613	6493.4180	224.1109	168.5533	172.2322	147.6041	5977.2165	124.9484	5048.5632	4432.0716	769.3653	194.5879	163.8895	144.3362	737.9688	553.9248	5346.2329
4711.7265	992.2290	3626.0446	222.5708	142.2974	266.3367	991.3814	3899.5033	340.2074	2926.2206	2963.9878	135.7916	211.5384	211.5406	71.1777	954.6526	534.6971	2069.8553	3822.2208	3016.1626	142.6166	211.4928	211.6371	74.5438	563.8202	935.0205	2231.6109	3238.6093	1910.2769	2995.1138	186.3632	152.0044	169.7614	49.8793	2325.2374	45.4175	7507.1768	2574.1876	170.6356	168.4851	186.9985	46.6114	1052.3503	1686.6008	995.4906
4713.8110	5290.4409	220.7482	200.0155	198.0532	57.4459	1132.5075	646.9767	1353.0308	2294.1000	3010.1196	645.7804	185.4860	164.7008	155.4991	575.0918	583.6701	4492.3525	684.3953	2068.3571	4142.2476	156.2015	188.9394	165.9472	4377.9711	522.1843	584.2968	2557.2788	4092.4212	2248.3000	177.3141	155.7190	192.0118	85.0424	1172.0348	31.0778	7430.1859	2129.5753	165.2388	158.6869	262.1006	44.3838	844.1222	499.1321	925.8943
172.9754	8652.2103	1338.8143	45.9455	146.3357	235.9105	927.7062	678.7848	721.0873	3510.6006	133.4576	2386.9418	237.9737	70.4799	196.1938	541.7574	2109.2381	1016.6763	3995.0003	2833.3180	148.6818	238.3129	197.4574	77.3719	527.2516	996.3086	2376.4900	5395.6626	3454.4675	1203.8699	124.9709	211.6498	148.8233	430.5792	155.2801	41.7246	7513.6103	2539.6800	171.7097	151.8931	190.8598	46.4146	905.8782	1578.6940	949.1148
2866.1538	5884.7465	1472.0997	123.1589	183.4815	139.6832	497.4473	1223.3117	3447.1183	3837.3404	2019.2303	111.4293	174.6774	211.3782	59.3685	734.1409	906.0674	1525.4110	4508.0408	119.8364	2285.1228	174.7664	62.8266	212.0542	721.6737	1652.2009	861.4216	4060.9090	3242.6631	2042.4279	186.9015	241.5016	227.3416	1608.8348	56.4074	38.3441	4979.5023	4830.2601	339.2375	183.1656	138.8137	79.6785	1475.7072	656.8057	2082.0872
2127.9303	6176.2811	1848.7885	152.9924	136.9340	177.7648	3540.9130	652.3386	711.7107	747.6633	513.9842	4694.3525	195.5586	125.7647	156.6918	1918.9558	3116.3259	1088.7008	643.7011	5753.7987	507.5002	133.2050	157.4690	206.5328	3211.3494	1107.6870	1727.4624	5838.6959	2246.7505	785.5535	123.8894	139.0011	136.9351	153.1077	710.8831	4847.9655	7363.0910	184.5843	2570.3247	180.4000	49.5208	237.5229	1219.0597	1122.5452	704.4095
6087.7564	224.2326	3849.0110	151.0303	58.9029	217.8949	913.5382	1397.6165	977.5078	2956.7966	2914.5176	129.6859	189.2031	229.9470	69.1110	1128.1935	602.7355	2007.6451	3447.2109	3369.0127	132.7764	229.9500	188.6564	70.0683	588.6669	1079.0035	2021.4410	4466.5943	4515.5422	115.8634	126.8971	143.8275	256.7877	104.8105	878.1015	579.0043	5487.2479	4494.6200	185.1320	196.3004	187.9383	49.0796	512.8236	1331.4146	1064.3109
6123.3852	193.0540	3811.5607	187.3952	51.1057	219.7385	1223.9544	1161.9265	879.3600	1922.6349	1075.3815	2977.9836	159.8464	152.0712	187.1536	1163.7651	3465.6119	444.7981	1164.4414	3962.1816	1786.3770	152.9374	186.8821	152.6935	3408.8409	473.4141	1019.1874	463.9129	2014.6760	7628.4110	160.9670	237.1698	188.7990	6240.2831	152.5380	232.9763	6273.7428	172.4892	3649.7680	182.3743	46.7185	241.0486	1356.1032	1061.7001	605.9702
4068.7651	179.4164	5938.8185	205.5865	48.0631	181.6181	1013.5855	1061.8623	1289.1693	5463.2236	114.0744	408.7020	169.4172	59.8163	211.9302	748.4569	1483.9538	1479.1611	885.4464	5948.1804	105.3732	192.4492	169.1553	56.6461	1723.3577	717.4010	1385.6875	3038.1284	6096.1792	581.6924	134.0985	238.6509	153.3510	94.7157	127.4224	5785.1937	3217.8178	911.7227	6045.4595	191.6963	121.1668	138.8405	1701.1013	3052.0498	816.3498
181.1316	7345.0784	2617.7900	47.5647	162.9053	197.6626	980.4646	758.6938	1318.3087	2358.6869	3042.9281	527.3850	182.5109	180.1020	146.3010	1049.5808	534.1218	4519.4160	626.7219	4498.7125	1749.5657	147.6634	179.6252	185.7590	4180.4340	596.0765	1060.5714	5349.0984	2602.9843	487.9173	171.2294	220.9072	163.9203	83.6138	261.9872	6041.1039	3250.7438	3452.8969	3330.3593	121.3729	257.1462	226.3821	1265.8334	366.4546	378.3964
3336.4745	234.4630	6506.0624	241.0894	61.0166	197.7437	617.4710	1538.2658	1010.3523	115.8633	4603.2886	836.8481	61.8060	177.2200	275.6599	1673.3080	944.1213	242.5329	5351.5052	951.3556	113.1392	177.1523	276.0066	60.7383	932.7351	234.3244	1614.2212	3520.2117	2994.8625	3305.9258	174.7450	136.3784	206.2288	55.5424	935.2019	397.5734	2773.0507	684.3410	6761.6083	138.8727	117.6506	206.1939	849.1063	3383.9764	876.7005
210.9113	5628.4190	4310.6696	55.0970	234.8242	168.8054	1295.5065	609.6515	715.4748	117.4164	1914.0004	3952.5832	61.9843	196.7607	197.9395	1657.2160	1181.5940	489.9696	4763.8884	2049.6248	120.4868	198.0387	196.4187	64.0262	494.6222	1178.7329	1736.1536	1585.2505	6858.4211	741.3284	147.8708	189.7367	163.5644	124.0058	154.5361	5082.1783	4752.2009	3661.9170	1641.8822	107.2546	121.9545	255.5061	730.4660	1763.0019	508.2190
4975.3542	3470.6065	1672.0393	127.2422	123.7953	245.6290	986.0237	1964.4053	586.8580	2279.8323	3117.4257	591.7420	181.1371	156.5745	154.5369	409.9869	440.7139	4641.9854	1907.0868	4439.0325	601.8807	183.4808	159.7395	154.5509	403.5894	486.1790	4606.2659	6183.2396	1952.7127	641.0477	188.0112	162.4202	165.1105	137.9779	99.7711	5110.0198	4771.1402	229.1216	5330.7383	200.0872	59.0928	201.2097	1025.6246	1408.5016	478.5979
2681.7439	2010.0657	5455.1904	98.8461	80.7224	162.0111	494.9527	925.8641	1658.4577	818.1397	2705.0350	2424.8254	82.9253	177.2777	91.4576	1031.4013	1499.9722	476.5118	1896.8690	3519.9446	1465.1864	182.5385	90.7618	151.4563	935.5274	575.7171	3226.5809	5146.7728	3917.2464	773.9808	186.3793	161.7154	173.4357	104.5634	75.0725	4680.0817	8806.8486	1072.2619	195.8895	182.8877	255.9005	52.2292	1182.5420	469.9151	1187.1193
6652.2702	168.1792	3358.5506	167.9748	47.4292	240.7379	1344.8863	1111.1980	696.0843	2573.4870	2372.8606	1021.6524	124.1524	172.6681	147.2804	629.7690	515.9580	3605.8443	3025.9670	2803.1708	1084.8622	123.9639	172.6542	147.2824	621.2161	513.1554	3539.9276	5131.6153	598.9894	3655.3953	162.5673	165.0455	193.8704	87.0342	5284.3460	115.8654	3701.0884	6329.4588	185.4528	158.2542	237.2124	51.3370	1085.2369	600.2068	1251.4542
9144.4509	906.5404	224.0087	163.1611	201.9240	58.3714	638.2581	1827.9240	1357.2020	4692.0406	487.7390	805.2204	172.8485	124.3135	187.8507	987.6177	3123.4572	1979.5198	1069.9038	2064.9629	3805.1333	155.6122	188.0602	166.0827	3648.7792	824.8643	932.1977	5472.5652	2081.8717	2560.5631	148.9540	277.3623	174.3271	717.2255	66.9104	48.0052	8798.3753	1048.0963	209.5284	176.2174	254.0426	54.5648	705.5415	541.1047	1222.6954
5943.9466	264.9896	3993.0638	198.1472	69.7510	154.4837	933.1449	1945.8262	763.6284	1723.1682	3425.4399	854.3919	133.2073	189.5261	153.4036	511.8378	558.7085	3899.1355	4002.0031	2030.4200	937.5770	189.4174	133.1103	156.3131	551.9614	504.1855	3908.1912	4890.5157	3527.4061	517.0782	185.4096	289.4737	163.8638	82.5203	36.0261	5400.1187	6420.0213	3573.8201	168.1587	183.1418	184.1719	45.6673	759.5403	1627.2847	972.9376
818.2207	166.8558	9265.9235	185.5491	46.0560	169.1809	2753.7254	969.8547	622.0756	904.4558	2396.3741	2625.1701	145.5782	238.3180	199.3887	3064.6748	660.2882	625.2866	2637.7137	960.9226	3248.3636	239.5893	145.8566	200.0301	620.9302	2989.7871	629.5330	2761.9458	7093.9402	159.1140	155.9855	178.0175	66.5323	75.9564	554.8453	1256.0274	2459.1156	4410.0560	3274.8284	165.5737	147.1878	97.5090	2469.1984	1529.8474	1105.7547
8201.8093	1859.8675	168.3232	171.7465	187.6022	45.2429	812.9617	1818.9537	928.1506	2116.5494	747.2701	3119.1805	180.4974	154.2655	144.9003	517.1146	4133.1127	500.7760	3914.5382	2247.2161	773.2456	145.9708	182.2178	154.8823	520.4460	494.0317	4104.4386	6101.5567	2140.6904	703.7529	217.9113	180.7068	154.2976	116.6422	75.2256	6007.9342	7645.3630	1053.4114	1492.2256	147.7655	148.6133	143.5858	577.2443	4864.0275	588.3623
1935.1752	2880.9171	4771.9077	281.0469	162.0761	251.4054	113.0703	2527.0347	324.3773	3519.1052	257.6450	2164.2498	195.7701	105.5285	247.9397	1220.5334	3205.5488	549.7995	4106.6924	2531.5451	239.7624	195.5782	247.9292	99.6977	1205.8287	543.2884	2915.2791	1671.8034	5805.2110	182.9856	204.3332	175.8781	85.4040	879.6359	108.3662	2336.1473	6041.3003	4010.0429	219.6568	181.1824	203.0824	57.0363	672.2181	1063.5340	1320.7812
1110.7765	8691.6550	265.5685	262.2558	205.2553	68.5628	368.3610	752.4787	1849.5137	1844.5804	374.8803	3814.5393	161.5127	185.8036	94.9744	670.5446	2938.0875	1028.9665	2192.8147	393.5812	4387.6041	161.1149	183.5231	94.7522	667.3079	2995.3864	994.9943	3144.9302	1972.8018	4927.2680	210.5259	177.2353	231.7963	78.4433	2601.9409	199.5282	4919.5913	2585.1697	2674.2390	132.0764	182.3736	150.7885	914.9162	781.3550	3291.2893
6672.9015	1160.2305	2315.8680	160.6567	124.4305	200.2060	1282.1200	2884.8096	1401.1584	2636.0439	2046.6730	1231.2831	241.4275	137.6493	210.6257	513.1817	1753.9315	375.6235	3006.7179	2283.6505	1537.6316	241.9041	136.8318	210.4268	496.4242	1646.3427	373.8991	587.2203	3046.1405	6550.6392	159.7417	237.0690	157.5769	5774.2106	117.1378	268.9758	5508.7212	1821.5789	2353.6999	148.4687	268.2798	140.9034	981.2232	358.2595	2838.4063
5785.3035	256.4838	4040.2127	195.0415	66.2976	236.5505	1015.0304	1749.2032	576.0369	1726.0185	4052.2398	174.7417	255.9575	221.5088	90.2635	393.6848	663.8034	3129.7007	2102.2455	4633.5214	176.2331	255.8159	220.9793	90.9212	390.6188	641.4583	3164.3447	5230.3509	1145.1863	548.4629	196.8883	152.9961	157.9064	75.1042	77.7606	5172.0631	4064.4220	597.1008	5475.4772	135.1831	104.2435	204.6799	683.1217	2722.0147	1154.7580
7238.9245	2685.3911	291.6844	239.0361	210.1354	75.3926	582.2421	964.3470	2223.0557	493.8790	350.8173	5100.3037	171.0094	108.0714	152.9078	3342.1226	2387.7796	968.4093	1221.1553	4717.1100	948.7346	127.1315	158.8306	148.6468	731.8663	819.3791	3718.9973	3823.1335	624.5469	5110.3195	170.2733	166.1371	192.7344	87.5218	5225.9886	152.9127	4909.8137	5087.1223	195.0640	222.7885	182.0722	51.7711	668.3748	1114.2340	1183.3782
2902.5384	747.5692	6495.8924	187.3024	142.5100	175.3259	1010.3550	5302.7967	614.1716	3060.5535	2702.9462	205.5003	172.6869	217.6056	88.4895	1274.0989	837.2613	2389.1285	3507.3623	3168.9541	221.6837	172.2021	217.6283	90.2410	1220.3737	809.5942	2376.6664	581.5776	5762.1593	1803.2631	169.3691	207.4492	224.6430	5885.1049	138.1086	33.6763	2634.2644	2956.5332	4573.2023	196.9923	190.0929	124.1859	1399.1067	575.2895	1676.9530
4005.0157	2962.2401	3170.7442	215.5930	93.7683	136.6740	793.6785	1189.6728	782.0049	2323.2244	241.0245	3468.7511	139.1814	95.4031	204.2557	612.0854	2565.0168	1101.2364	4032.8560	281.8829	2668.2610	203.8741	101.6704	138.8820	1076.3988	2695.6991	598.9931	7154.5883	2482.5484	534.8634	178.5968	224.2689	164.5283	194.2177	173.3294	5932.2054	4679.9843	1000.5898	4571.4259	151.4911	149.0586	190.7374	585.9265	4786.4150	830.6461
2329.1199	178.1472	7672.7329	199.8109	46.9732	143.5625	1474.4979	946.2591	604.0574	2887.4340	240.2860	2831.2801	207.7724	107.0920	220.7558	1030.8282	3514.2080	637.2193	4461.6803	2232.7595	210.5602	219.0125	203.9578	97.4218	684.5090	1128.1177	3057.0626	4840.7275	4360.2889	852.9837	144.3898	199.5469	164.7210	91.0723	115.6353	4574.5181	6166.6873	3830.8675	185.4452	178.1657	200.3388	49.4487	1109.8097	1118.4896	1084.4098
2120.8753	3386.8724	4581.2523	251.5484	206.9822	147.9460	492.6320	400.5926	2013.1108	4228.3538	1617.6827	132.9634	161.3150	197.9245	66.9673	978.0876	1405.1855	1674.7535	2099.8224	4695.0158	127.1617	193.8127	161.1027	65.3249	1455.7973	964.6145	1642.7733	6192.1868	172.4071	1623.4061	225.9952	86.7398	213.6759	135.2622	2772.7633	857.6879	3261.3260	5432.3802	1428.2938	183.6469	164.2031	152.7089	774.0974	764.7966	4176.5166
6512.0234	239.9973	3487.9793	219.5941	62.3589	201.5310	742.2595	1592.0240	1146.6466	3646.2377	1665.5172	694.2450	151.4405	183.5069	150.0386	819.1460	990.5276	4110.4116	2340.2874	1132.5493	3490.1633	183.6869	157.0895	145.3820	653.2525	3580.1997	626.2849	6706.3306	238.6299	188.0396	170.0184	91.3811	239.1501	124.6811	2212.4517	1000.5859	3340.4242	2359.0158	4523.5601	181.4365	151.4659	132.7514	694.8375	3370.2029	699.6600
5254.4367	2915.3300	1943.2333	200.1609	64.4621	102.6518	778.5571	727.4652	571.9387	1385.7278	129.4093	4449.8629	254.5042	67.8963	200.0116	464.7029	1946.3721	897.2791	5216.7558	1552.8366	128.4077	200.4096	254.8919	67.8134	902.1803	450.0138	1932.8482	5894.4012	3742.0441	254.5547	238.9078	145.9244	255.3283	133.4942	528.5677	519.7303	2880.6304	6508.2127	823.1569	151.2400	133.6572	250.9370	2814.1442	690.7609	515.3529
184.1124	3611.3726	6306.5150	48.6388	188.8004	190.1296	1050.5268	1440.6405	769.2474	3656.6660	212.5097	2129.8243	198.2869	95.7156	191.7588	578.6314	2884.6632	1391.7639	277.2953	3634.3224	3029.3823	108.5058	198.4163	193.6183	3237.5419	544.8716	1193.4282	4836.4684	2905.2461	182.2855	156.5328	191.0474	74.1072	77.8834	799.3108	1534.0693	6091.8959	520.1591	3549.9450	219.1772	97.1546	151.3279	721.5314	2505.5680	938.1948
2544.0345	2539.7616	5005.2040	207.7566	100.9022	201.7088	1027.8199	1257.4536	494.7902	2906.4543	2584.3198	542.2260	160.8396	186.0052	154.8649	464.4408	457.6004	4886.1864	2862.3711	579.5038	3562.1251	186.7336	155.7691	161.3992	450.2930	4738.7320	467.9548	4052.4609	4509.5507	588.9884	180.2693	218.0437	163.5310	132.1331	63.4503	5302.2235	6430.1270	3414.8986	234.9744	175.7649	208.6481	60.9800	687.5682	1084.9387	1482.5075
5677.2418	195.8891	4330.8691	215.0484	51.4295	180.4621	687.2770	1154.3588	1053.7912	3724.3280	1759.4176	483.2544	148.4820	235.1935	119.8004	1199.8651	774.2306	2876.7918	4275.2757	2029.3233	582.4010	148.3032	234.5475	124.6103	1171.5438	758.6074	2907.1356	5738.7704	2744.0334	619.1961	176.5651	187.3649	169.1742	472.3010	82.7403	5476.5706	8516.8101	1395.4287	202.7612	171.9678	239.0329	54.3353	1174.8640	722.3288	1251.4337
1294.8135	3617.0797	5266.1069	153.8136	189.3724	152.0770	4387.3149	668.8207	667.1285	2612.4820	289.9779	3115.5400	211.1768	109.8550	151.2901	1163.6745	3112.6576	1104.3363	3732.0071	3050.7085	168.2844	150.8199	210.5754	84.1289	1107.5624	1147.3222	2393.7048	5081.4192	4060.6524	146.9284	207.0841	141.7717	252.4016	76.5546	381.0438	623.2249	6835.3406	2642.5441	343.1153	220.5092	264.8993	87.9014	948.3987	332.8127	2911.1849
1240.6231	2411.7329	6590.6441	153.7125	182.1657	151.1875	4498.8304	524.0333	543.7816	931.6591	3685.5599	1355.7810	152.0531	132.7054	174.2538	3702.7920	480.7360	670.0841	4234.3083	1766.7684	910.9232	132.2071	172.4929	151.5489	476.5854	707.2575	3758.3143	3731.7855	5559.2130	640.0015	191.7417	115.6601	259.6537	116.3853	247.8837	273.6861	4141.3145	4514.9043	1590.7812	182.8783	139.6847	154.0115	697.6116	591.4490	4001.6131
1374.1049	3066.4443	5761.4508	152.2400	178.6671	142.9103	4245.8360	468.4539	545.9224	3223.8926	181.9825	2606.1250	208.7185	87.5282	195.2643	572.9440	2632.0019	1320.7479	3792.8210	259.6725	2921.5065	198.8731	105.5822	209.1536	1175.5282	3164.9481	509.3314	2420.1659	3228.5724	4245.2617	96.4166	176.7385	209.1156	420.1546	38.3011	218.5091	1062.1090	1456.3619	7231.5291	276.8799	137.0784	185.4424	218.2576	3164.7407	667.6027
2462.3772	191.2339	7436.3889	237.7767	50.1841	155.6952	668.8068	1081.8293	634.7475	1705.4096	2608.9639	1687.6265	167.2912	107.8366	146.7853	847.5640	574.6556	3011.6895	3148.8543	2078.0458	1721.0999	108.0555	167.6696	147.1197	579.3443	840.1881	3000.7040	5954.6067	608.1063	3331.2870	193.1872	170.9525	156.2919	161.8416	5484.3104	38.7240	1544.4492	8506.4936	197.0573	193.8537	188.9741	51.8340	1691.2770	563.6026	1139.7827
6860.3189	179.0466	3110.6344	219.9372	47.9268	148.6378	867.3252	1072.1284	726.7916	2344.0973	142.3541	3502.5486	161.2559	72.9925	225.9677	590.0526	2091.4147	630.9053	4099.3739	148.8351	2694.7910	225.7127	75.4543	160.9740	626.3906	2178.6295	574.7353	1467.9641	5125.4917	138.5442	194.1015	167.2840	68.7865	1056.3472	85.0656	1666.3968	2156.3470	3372.8980	4594.7549	127.5623	232.8374	111.0249	2395.3366	874.5599	554.5148
5933.4796	1959.0715	2271.4489	129.5607	219.1339	130.6181	1004.0803	997.1191	2414.3898	2472.3927	3303.5631	203.0442	228.2550	188.5914	95.6356	674.1812	620.0571	3007.8215	4079.1987	2630.3631	217.4382	189.6220	230.1356	98.3617	619.0949	629.6441	3025.1712	3598.5160	4176.4945	2336.9895	238.2735	108.6192	167.5822	221.2615	276.2509	95.0027	7861.8738	2139.7035	174.4227	148.3251	212.5607	46.9545	792.8789	1102.0912	970.4239
1869.0054	5139.1073	3178.8872	217.1404	156.7671	244.2339	289.6845	2015.0356	490.0030	4231.7849	1156.4619	216.7533	219.1196	270.8400	104.7608	1021.3027	264.2068	3698.1013	4950.5491	237.7866	1297.6643	219.6862	110.4594	271.4223	1010.3087	3902.7930	253.2893	4144.5758	580.3911	3301.0331	210.9631	162.8631	181.2457	55.4320	5481.6844	194.4892	3602.9236	5335.1861	1157.8904	150.8353	200.3558	148.5517	783.1595	657.3017	4373.5377
8215.5508	1655.8608	241.5884	189.7373	245.3041	62.6974	750.0822	610.3106	1574.3850	3815.2538	207.4474	1945.2988	229.9791	95.1249	152.7325	626.3631	2905.3496	891.0349	4424.3930	215.6477	2258.9593	229.8813	96.6385	153.0775	617.5795	2929.9592	891.2756	2705.9367	652.0709	4861.9924	188.2832	174.2157	205.1740	85.2620	5291.1066	131.9516	4455.4019	4552.3106	1114.2875	129.0177	181.3465	136.2717	493.9402	1323.0943	3722.2391
6800.4935	1106.1886	1935.3179	130.5488	275.3088	215.7064	1084.8832	233.5301	660.0687	495.1145	2369.5692	3098.3163	124.0972	210.0932	180.2117	3075.6510	1084.3958	1494.6637	545.6303	2657.9216	3685.4481	125.6511	210.0035	180.9519	3039.7273	1071.9669	1476.9406	4669.0162	4629.8177	739.1661	194.0610	157.1467	163.7171	81.3007	140.4067	5093.9437	3303.2131	6116.7312	808.0556	188.5301	175.8580	130.9939	556.7685	1405.3083	4026.9234
9017.2148	168.4876	832.2976	167.9665	45.9057	258.0530	1156.4668	982.3882	495.8534	3113.9856	2722.2904	118.7240	178.3127	207.5637	62.6632	675.8690	839.1360	1649.1203	3004.1579	121.6483	3774.1938	208.5791	63.6101	178.6540	810.5494	1688.7743	671.5865	3995.4816	1539.4682	2708.0502	186.5976	145.4102	169.2993	69.5523	3127.5444	41.3929	8648.8863	1352.0224	190.0913	184.2005	192.5281	50.3345	638.3337	1846.0047	1090.9742
2236.1241	3561.6414	3551.2345	157.9916	264.7076	136.1529	3425.2284	438.4024	459.4463	2315.6518	2285.9547	1411.3935	210.5436	138.9261	198.8602	938.0714	2129.8007	568.8553	2036.7638	2328.8188	2583.4174	200.5899	210.3725	139.1209	599.3145	982.1316	2051.5529	1170.5491	596.8960	5310.5549	192.5557	176.3300	188.8870	124.6672	5684.2448	114.7022	3857.3669	6132.7794	191.8537	183.5057	192.9323	52.1016	1535.6791	460.6430	1209.8453
4718.6175	179.3972	5302.9853	194.8183	49.5393	178.5780	444.3719	1149.9396	1496.4826	3709.5216	240.3504	2011.1280	214.1579	97.8641	160.7318	714.0777	2762.5033	988.4460	4258.0890	216.4329	2420.4782	181.7079	97.6010	218.3163	1543.4174	2976.9301	508.3351	6853.2640	2192.7145	870.0216	145.1238	199.5869	158.0399	175.5023	96.6095	4523.7824	7887.9706	189.9947	2130.0347	173.3698	49.4841	199.7894	774.2014	1037.7163	1298.0324
