3948.9313	4993.3861	589.6826	182.7960	160.2607	156.3404	67.6350	98.2559	4904.9569
1664.6063	251.0401	8028.3536	262.1069	65.3682	208.5674	374.1981	1749.0826	1102.3205
4510.1598	297.5932	5448.2469	215.9335	76.3895	237.0257	787.3910	2262.9582	543.2488
4707.6009	4733.6174	512.7817	204.0596	244.5566	166.7699	133.6995	82.1247	5938.0620
5205.1195	4773.0947	207.7858	216.8283	168.9445	54.2345	803.6794	670.2011	1228.4958
4272.3565	3338.2239	2219.4196	150.6249	112.8427	199.8274	69.6540	597.5832	698.8319
5881.6586	3950.0867	338.2546	240.5430	224.5763	86.7531	516.2484	705.2233	2854.8229
4710.0896	1575.7417	3907.1687	204.9272	138.8534	158.6166	927.0576	3009.7544	1623.2475
4596.6893	4669.9843	676.3264	121.8725	224.8761	160.8265	74.7343	100.4857	5815.0352
168.7067	6443.4001	3495.8933	44.8521	165.8897	204.4579	923.0576	965.3089	1048.5237
6785.7907	1680.4495	1630.7597	161.8599	218.3417	197.9768	785.5060	390.8403	42.1027
210.2232	3434.0351	6531.7417	54.8022	204.4562	177.0625	1250.5661	1104.7423	821.7723
5829.3482	211.3180	4187.3338	220.1448	55.2928	156.4934	692.3540	1286.8581	644.5019
6581.6885	618.6641	382.6474	179.8894	154.0036	125.5488	122.6360	5039.2104	99.4852
5164.1028	1728.3150	3314.5822	207.8819	144.4700	208.8815	843.2437	3087.0962	466.9119
7551.3928	178.6774	387.9298	162.5624	73.9229	201.3342	189.0275	1546.7933	1838.9207
1320.3461	3623.6210	5166.0330	117.7052	246.1533	209.7963	2446.0786	535.0699	577.9285
3795.3952	6063.1717	295.4330	243.9412	209.0776	76.1617	613.9390	752.9020	2249.0935
5392.4073	2894.5651	119.0276	166.9646	134.6105	58.2178	548.4062	34.7451	1179.8850
203.3790	4029.0528	5871.5682	52.9647	225.2069	176.8671	1190.8802	841.5415	816.2129
2807.2809	2037.9405	5147.7786	199.6946	163.3844	199.6774	2213.7844	51.1414	131.8407
6276.8391	3676.7464	184.4144	240.1458	162.5082	49.8004	579.1052	935.2254	1167.7620
5953.6996	221.9127	3984.3877	193.9975	57.6270	203.1769	547.9990	1366.1775	1285.5889
5786.3275	3493.6230	844.0495	194.7930	139.1417	163.2759	167.8326	95.8522	4680.7026
3357.4767	6651.2691	177.2542	132.7094	189.6877	47.8081	609.9762	1323.9390	1017.1526
7206.7922	867.2961	1111.9116	164.6869	159.1446	203.1125	253.2276	3988.1698	50.0767
6798.1696	3082.4507	304.3798	222.3186	195.2697	76.2839	779.9218	1290.0611	2124.2346
6639.9632	3083.8266	215.2102	191.7969	265.8236	55.8814	895.0227	343.6754	1302.2817
8418.8115	703.0761	1078.1123	150.5733	143.5366	104.7925	296.7048	4807.3530	62.1490
5411.9013	4415.7611	417.3376	193.5670	190.7227	102.9355	659.8270	1243.5668	3683.3282
4266.5924	2131.3766	92.0310	141.6604	170.9062	48.3643	57.2182	903.8356	979.5718
3947.0399	2147.4569	4164.5032	186.8164	151.6313	128.9099	610.9149	3494.6967	599.3426
1092.8473	8094.6347	1069.5180	151.6169	156.4335	162.6387	4770.6923	629.9838	650.3336
6617.8277	274.9034	1514.2689	198.2926	115.9355	260.9007	134.8794	3780.1244	256.3977
1761.8452	3754.8720	4664.2829	140.8061	214.9405	194.7981	2978.1006	1021.9190	1345.3186
6411.4171	510.0379	1580.5449	224.9015	167.6184	190.2179	125.8158	6051.3216	110.1082
4143.5732	4707.1229	1366.3039	182.8890	164.8176	153.2376	489.6215	708.2915	4281.6045
4359.2391	1996.7322	3816.0287	190.5816	111.0591	226.4830	532.5645	1553.2977	703.3224
5646.9494	3834.7370	131.3136	134.4647	161.4493	244.5950	678.7066	81.4462	864.5567
633.3781	8883.5501	599.0718	106.3853	141.2960	210.3859	2749.0581	739.3484	1761.8154
4141.6664	4803.9228	721.4107	221.2495	150.3413	168.6955	59.6499	105.7482	4703.8055
7851.9703	2194.7190	190.3107	180.0045	196.1400	50.2416	535.2666	1716.4094	1082.1047
5302.8540	4732.8468	182.2992	191.7823	188.2856	48.2122	628.1403	1321.5138	1025.8699
3324.1732	6019.5298	162.2971	175.0504	112.0903	50.1855	1301.0400	119.5893	810.6143
2942.1846	1106.3142	6204.5012	185.9271	153.6967	159.2077	476.3166	4782.3886	555.7044
2853.8171	5834.2153	1409.9675	135.8041	223.2132	196.9265	676.1615	237.0458	39.1352
2493.5293	3736.5160	3763.9547	265.5313	145.3780	231.0815	290.8515	2174.8540	392.0123
3353.4254	3823.7705	2966.8041	190.5341	221.6432	123.7342	648.8500	857.0230	1895.0511
4601.6213	3693.6468	816.7319	161.9024	194.9083	178.8819	65.6978	54.3237	4443.8557
7084.1574	2875.0175	174.8251	173.5536	184.7123	47.5534	1102.5970	1537.8057	1030.6508
3693.7860	5083.5452	137.6688	166.1853	134.5605	56.5435	798.5877	99.2431	942.3745
2267.4410	1172.3344	6515.2246	266.5071	115.4264	229.0706	284.1866	2197.1808	616.7299
231.5067	7025.4741	2776.0192	60.3735	193.3332	232.2450	1504.8306	1020.2819	805.8112
2121.3570	5875.1054	526.5375	230.0423	212.1586	173.5962	54.8011	159.3718	6129.7263
7355.4184	170.9422	2423.6393	186.4437	45.8249	256.0736	1362.6422	1009.7429	501.5870
3661.0778	5566.4599	590.4623	204.2175	172.8236	168.9229	165.4892	112.2227	5636.4789
6885.1493	157.3292	2959.5215	159.2711	42.4595	227.6087	951.1321	876.5139	1006.3862
7827.7112	2112.7589	222.5299	172.2051	211.2682	58.0127	827.7774	1255.1721	1354.7843
5307.6844	2076.1819	1148.1336	177.4818	160.3513	155.6834	174.3717	39.9676	3507.3679
3037.0973	3773.2857	3342.6170	195.6531	135.4528	217.0398	885.5634	2132.8730	940.5057
6118.8609	3116.2609	561.8782	175.3204	231.8159	165.2061	138.2826	141.0957	5638.1412
7384.3874	205.0597	2519.5529	181.9053	53.8115	196.4371	872.8663	1223.6433	1418.7390
1865.2409	6306.3706	2034.3885	169.7007	182.1422	95.2743	2587.2549	587.7811	1202.3307
3635.0161	5837.0319	313.9521	259.1671	209.6012	130.7107	182.7644	119.3170	4547.2208
5946.0243	4039.7770	213.1987	161.4870	225.8460	55.8309	702.0011	725.4152	1289.0496
4605.7085	4827.8072	649.4843	192.0834	157.8361	164.6139	115.3246	89.3341	5022.5390
5430.8894	246.1621	4334.9485	237.2549	63.6136	197.5842	693.1829	1638.6638	876.8942
4294.1364	1193.3888	4684.4748	187.8242	151.3134	151.2836	802.8336	4456.0115	685.7243
2035.0650	3266.3665	4297.5685	210.6428	172.2156	227.0459	49.2695	2003.6322	98.5512
3855.9786	3073.9747	3208.0467	195.3298	110.5785	85.5345	1044.3622	632.0878	955.8721
5769.0785	2808.8540	573.0674	193.1567	211.7987	171.2203	214.1853	83.8693	5748.6252
2906.8041	4323.7966	2866.3993	66.4300	212.9994	122.1407	901.7589	1178.5599	1220.6515
183.5400	3345.9925	6647.4675	48.5496	196.8167	155.1900	1023.2151	1275.5624	751.6674
5626.9276	3872.1600	668.9124	225.4975	161.6798	161.4352	182.9227	135.6637	5159.1975
6073.6994	3286.1423	785.1584	126.2666	186.2317	113.4211	533.6154	1558.4622	2837.2543
851.5661	544.1720	6089.2619	159.0239	161.9481	197.0738	56.6079	5389.9564	106.6498
6142.5420	3750.0822	167.3757	154.9752	203.3476	47.0214	1142.6700	1247.4809	1035.6382
5294.4640	3638.0254	1259.5106	158.8294	185.7274	154.1094	696.0613	472.4257	4462.8503
5149.8395	863.9182	2710.2422	181.4499	151.9629	162.0360	120.3603	4238.5465	50.2826
3538.7241	1588.2618	4920.0141	228.9683	152.7172	204.4490	937.7246	3430.8175	664.0080
5778.4328	2500.8881	1106.6792	272.2753	156.6370	204.6491	104.0318	1298.4850	56.3121
7624.8605	2258.2176	234.9220	183.2071	256.1647	61.0053	791.3434	458.7611	1499.0450
204.3004	4051.7396	5814.9600	53.2761	230.7332	188.3920	1216.5376	756.0830	1028.7524
2749.3801	2904.4681	2119.1518	131.7985	116.6229	153.3476	37.2603	38.9769	2043.6966
6900.3678	2078.2913	1244.3409	176.3572	189.3645	106.2517	589.5344	1730.4666	1841.9457
6947.6802	1746.3168	703.0030	160.9245	215.1869	161.3952	158.6488	60.7197	4933.8472
5490.7373	3240.7227	1443.5400	170.9563	192.7760	135.1327	1621.5721	700.2519	3177.2702
5149.9537	4822.0552	281.9910	215.9225	216.2733	72.5320	487.5649	837.8653	2037.5421
5872.7908	2209.5700	164.6392	204.6882	131.4755	257.1846	97.4547	803.9505	676.4146
5294.4752	1450.0274	3354.4974	132.0965	149.2905	103.9366	1268.7848	3939.8792	416.7304
2058.5720	5361.1760	82.2520	141.8544	172.5528	256.3629	1211.3397	92.9202	732.3157
9916.7026	182.2392	153.0582	147.8838	250.5348	42.0889	900.7925	982.5458	809.8710
3242.8309	5917.6183	1053.5507	184.2922	162.5458	153.7153	433.8262	485.9429	4923.4222
690.8621	1861.6685	7211.4693	146.8138	170.3946	143.2763	4470.0783	59.9740	202.9844
6838.0412	276.2098	2968.7490	204.9349	71.1979	242.3339	812.0938	1993.8573	648.5992
5884.1331	597.1565	2229.7104	180.1273	153.5685	146.0520	105.3801	4863.6437	89.4471
755.7010	4104.3830	5283.9160	178.8013	103.3938	112.5656	3399.4626	905.8463	1202.6504
8662.1051	1008.0968	309.7981	223.4159	272.4236	79.9145	788.8599	216.9416	2472.2883
5887.9571	3225.3018	659.7411	169.1411	213.7224	169.4801	118.8499	80.3091	5329.3710
6758.3255	3164.7156	202.9589	178.6737	195.6758	53.7280	884.8952	1429.9183	1226.0662
2614.6137	4729.3361	1866.0502	209.4553	172.8042	195.8784	40.9703	1257.7896	28.8411
6258.3151	211.8445	3810.8403	197.8553	55.0957	196.3010	568.6389	1265.1675	1234.1578
6493.9969	2431.8114	1321.1917	156.1638	157.6639	149.3829	743.6161	733.5463	4298.9573
592.8860	1449.4340	5798.6800	145.2587	126.3953	162.2038	4882.9568	69.5996	98.7998
1893.6874	2535.3741	5702.9385	151.9523	116.3929	138.5973	3437.8734	1197.3321	1180.9144
628.5171	1978.3117	4675.1712	151.1485	176.2618	162.0359	4456.7995	39.0546	133.2154
5352.5477	213.7535	4615.6988	194.6972	56.1344	212.5671	1229.2680	1342.3257	734.8540
2272.2199	5543.4813	2400.2987	117.3128	191.1424	177.5619	2117.9929	528.0137	2016.1523
4792.0993	4911.1000	390.8007	200.8028	256.7939	148.1719	118.6857	108.4257	5493.1251
7129.8984	391.9074	2717.1942	145.4633	83.6863	202.1417	752.8418	2101.0228	1238.8474
184.4205	5922.9273	236.6523	222.4417	160.7226	90.7773	1669.4390	95.0802	2186.1030
4416.0110	210.0765	5586.9125	219.9297	54.5784	174.1728	785.9062	1243.2403	726.7876
4571.8100	4764.3268	768.8631	147.6048	194.8578	120.9940	769.8852	1058.4118	3431.5086
105.8567	4537.4085	5208.7347	251.4102	118.4296	179.6256	795.2291	255.8982	239.8135
5072.4825	4984.0016	205.5159	192.1220	206.6307	54.5865	1335.6750	541.7206	1286.5428
1538.5848	530.3785	5985.0366	174.5857	166.3364	204.6611	82.1061	5669.6796	107.3854
7861.7315	1923.5071	333.7614	164.8938	191.7942	75.6689	972.7108	1802.4316	1809.9691
5360.0122	231.5048	4530.4830	233.6254	61.1058	193.6929	772.9873	1580.1590	1281.3420
6707.3830	1630.0862	220.5308	145.3391	64.4428	214.6291	132.8504	284.6808	1894.2971
5881.2879	4086.3683	230.3438	234.4851	189.5522	59.9917	613.0576	874.6508	1485.1668
4907.2411	4709.6031	518.1558	139.7763	252.0558	142.2523	101.6774	140.2961	4765.5117
5670.1647	4296.6668	218.1685	200.6891	198.0047	56.6990	514.6467	1118.5755	1316.4469
6007.7921	3973.4945	189.7135	185.0067	199.0345	51.8073	1553.3519	871.9541	1203.9418
4512.2691	613.8134	4872.9174	199.9480	164.2438	174.9351	89.9595	5215.2466	121.4146
5810.7314	4254.4223	230.8463	208.8486	195.9691	59.8813	788.7814	943.5979	1451.4482
2798.4422	7101.8773	223.6805	133.6855	191.7834	87.2833	48.4063	667.9515	2036.3013
5089.9645	1789.7948	2633.2407	247.1501	170.9317	277.6174	468.2187	3674.2365	150.5092
1958.1744	7901.4656	205.3600	251.8383	162.9483	53.8535	523.4007	689.2392	1209.8447
1059.5441	6507.7152	765.7407	262.0124	205.2864	118.9528	150.2405	120.2183	1554.0266
3826.5022	5399.3200	490.1778	264.0743	224.1233	114.1413	348.0215	885.4316	4104.8170
2505.6100	6567.1232	656.2668	152.4335	200.4806	164.8745	66.3954	157.8973	5084.8558
2870.3319	3698.1120	3553.5561	129.2871	201.0575	116.3550	2187.6555	1227.9257	723.3998
2541.9221	4600.3559	3058.7220	152.0253	130.9365	180.6228	3292.2560	701.6148	637.1331
4496.7286	4935.7226	544.5488	186.9713	216.8567	164.0835	108.1558	288.0936	5635.1904
7849.5700	1902.0644	155.3656	161.6620	257.9156	42.9666	1087.7993	522.1651	915.9127
644.4161	3744.5335	5512.0503	156.5532	180.6065	149.0946	4819.4419	112.8326	109.2587
888.8128	6884.2713	2359.9159	247.6729	181.9821	133.6754	618.7798	627.8342	2536.0837
3056.9406	208.0616	6936.9978	218.3546	54.4513	175.4190	1053.4862	1249.2565	846.2311
6497.5461	1964.1920	569.2619	206.7666	175.5209	169.6093	135.3154	104.1265	5738.1750
5727.4446	3848.4269	517.1286	139.1546	192.0655	256.2447	1703.4255	424.3776	598.6044
4115.4186	680.4794	3115.1020	195.8124	173.8630	177.8124	77.1586	5090.8084	55.7431
2761.5497	204.3998	7283.0505	200.0267	53.4438	181.2239	1519.0365	1203.3644	662.3704
7280.4210	233.1411	2679.4379	88.1631	238.5771	160.1519	751.7592	1461.7593	623.5633
3170.7528	6004.2471	476.0001	130.5294	254.4732	136.0079	333.6127	122.4946	4914.6828
2179.3162	3814.7794	3373.9044	277.0142	157.2592	235.2718	178.8982	2766.8023	662.3974
113.8369	281.3753	7588.7878	259.1147	115.6193	188.3579	468.2277	3636.8986	174.6531
4608.9790	2751.3465	2834.6745	118.1460	156.9522	180.4385	1409.4207	2808.6903	554.9394
4247.8387	5834.2041	242.9573	204.8391	203.0947	62.6891	978.8455	471.6322	1555.8388
5257.4015	3885.4627	705.1357	234.2626	168.0377	171.9841	99.7013	119.3798	5004.1863
9005.9039	969.8207	175.2754	159.9342	212.8033	46.1319	696.5560	1457.4577	915.2652
3938.8270	2425.2933	3796.8797	175.0190	122.1550	221.6601	66.8597	497.3956	203.6810
3701.7047	6050.4709	337.8244	243.9777	184.1955	80.1256	557.9404	1346.4651	2149.6250
5630.9481	3593.4899	1058.5620	152.5883	175.6142	152.6710	460.5597	440.1098	4884.1202
818.5478	1127.2953	6720.1569	162.3697	217.1661	160.3029	4894.4485	96.8133	141.7998
3902.3816	2876.6748	3378.9435	119.1117	195.7026	207.4207	1710.7598	623.0274	1024.5920
5438.7460	3765.8928	534.3612	264.0684	164.1178	156.0537	101.1590	112.6143	4711.6751
5246.2703	3599.5588	1245.1709	186.1180	205.5770	82.3648	604.0191	1223.5228	1382.8921
1814.5611	3369.6854	5027.7535	165.5970	109.3140	134.0490	2774.2879	1406.8752	1428.0986
6234.4294	3414.8234	147.7472	168.1770	248.8566	70.9051	296.0155	150.5467	1714.7225
7124.5994	202.2953	2288.1053	182.7925	52.7276	266.7875	902.3415	1192.4933	359.1433
531.7547	1834.7278	6640.5175	157.4435	254.9463	178.8380	5622.4870	81.0693	135.9771
7950.5063	2051.5710	204.9227	166.4385	210.7610	53.6863	721.3764	1158.2749	1190.8968
1660.8675	6038.4103	2446.7222	151.7664	177.8925	139.7707	3873.1686	490.7264	738.7458
4759.3347	3839.2979	497.3674	214.3370	150.8453	195.3853	80.0981	1884.7644	103.6268
4294.8124	5695.2619	194.9256	187.8149	217.3245	51.9675	1306.6702	765.4994	1205.0359
3554.6469	3529.3995	600.9536	189.7582	172.0092	164.7336	59.4020	59.5410	4995.8867
785.1874	2093.4398	7332.3728	117.3185	206.6608	132.8415	3066.8628	1489.2174	673.4088
2440.6352	3851.9791	3861.3857	143.5175	201.7570	215.7914	2712.1832	493.1361	758.4346
5922.1249	3102.4379	905.4372	199.4700	169.4188	163.0781	129.2042	87.8272	4483.6627
652.8226	1754.6766	7843.5008	112.6497	188.3511	138.4127	3122.5060	1824.7968	637.9830
4272.6873	4702.7578	805.5548	185.1405	119.5613	152.8414	85.6057	75.0526	4403.1356
6253.4202	721.7419	3214.8379	131.3395	111.6564	208.3976	545.2778	2881.1620	887.6375
4877.2097	1038.6035	4079.1868	209.3582	136.5545	257.5341	1177.3202	3544.4969	441.4128
5533.1137	2798.7671	638.1192	152.2388	197.2657	165.4174	95.9701	143.9508	5200.0222
4339.7040	3126.4528	2617.8431	172.6850	54.3995	91.6792	1320.5448	574.2300	408.2143
163.0088	8757.3334	163.6579	231.4753	153.5935	66.7510	1327.8370	237.3792	1233.3497
5664.6366	1447.9749	3033.3884	218.5407	125.1246	148.8934	849.7367	2670.1686	1127.8359
3709.0866	855.7964	5618.1170	164.5751	237.2176	96.0263	506.5440	839.9491	820.3568
3103.1026	578.0143	3373.8831	179.9694	158.0284	163.6965	43.7100	4829.3583	48.9913
1930.0789	222.1870	7975.7341	241.4909	57.5960	187.6064	686.5419	1363.4533	821.0707
3694.6645	3805.9795	646.3561	182.6912	201.3700	171.5645	71.2965	73.4756	5310.0161
4057.0984	230.2060	5954.6956	197.0130	59.7955	229.7251	1058.2203	1481.7713	602.8205
2504.9463	246.6991	7293.3547	251.9612	64.2141	205.7559	521.4360	1692.1106	1080.4271
5850.0901	2565.1548	257.7551	199.8977	96.6510	232.7563	102.1846	463.2935	1445.9066
2847.4561	4921.5248	2434.0192	169.5953	123.9023	149.9354	798.2838	624.2279	3357.5452
4186.9833	2330.0621	1610.9546	204.0858	137.4593	155.4258	50.3712	2398.5791	54.0981
3923.2038	4052.5098	1995.2864	244.1300	84.2091	197.6722	624.3983	730.4443	1157.4867
4111.6596	5847.0533	256.2871	237.7269	196.5426	66.2437	585.8263	719.6052	1741.1464
5347.4683	3035.8090	1446.7227	175.2102	129.9535	165.3177	146.3798	74.8933	3218.0577
8156.1111	1560.6709	455.2180	162.3071	188.3322	99.5731	905.3231	1854.4335	2970.7715
2952.8489	629.1518	5940.9993	214.2097	156.5122	142.2377	155.2005	5508.6033	114.5983
4759.8768	222.5558	5184.5674	231.5924	57.7553	176.0943	606.7115	1379.0567	691.6541
2319.2229	7730.5643	246.2128	194.0321	191.9886	62.3147	1456.6608	548.8858	1468.4755
5639.2807	3673.8804	713.8388	218.2922	127.2025	158.7019	115.3259	97.9381	5697.6012
3277.6127	3463.8813	3326.5059	127.4686	146.7526	192.9841	1045.7499	3060.0332	667.7995
951.5010	7900.2344	161.2646	194.8162	181.7795	67.9580	1965.4255	233.0842	1424.8245
192.6678	2060.7232	7878.6090	52.3567	239.2200	177.8042	1233.4069	695.7862	1313.1331
2806.2516	1589.0052	4743.7432	234.5216	279.4809	161.9712	677.9069	157.9385	2532.0994
3949.2169	4256.6261	1078.1570	233.3961	152.3363	179.6261	58.2858	57.7201	3680.5506
484.7536	2096.8380	7484.4085	99.6667	253.6295	151.7905	2831.6507	514.6533	926.8821
876.3941	2940.8723	6277.7336	157.7150	129.5892	182.7672	4513.6127	101.6478	157.5623
4946.2547	1654.7024	3496.0429	226.4144	109.5387	213.5562	629.3889	1866.8968	492.7941
2814.9048	151.1545	6665.9407	271.2327	42.1653	184.9512	268.5178	975.7696	1660.3468
1304.6536	5943.1014	734.2450	132.5188	192.9934	150.5265	149.8072	100.6291	4963.7798
6678.7263	269.4980	3224.7758	231.8694	69.3610	206.0763	602.6450	1899.9097	877.3323
5978.2290	2663.4677	1077.3032	278.8036	169.4438	187.2461	116.3402	65.7408	3848.6399
183.6277	5619.2909	4374.0813	48.6177	214.9287	157.1506	1060.8919	844.8644	761.5634
1277.0117	1584.3889	7299.5995	149.4222	130.1349	161.1584	4386.7715	431.8003	541.6163
4653.0751	4668.7817	732.1433	231.9814	160.5764	165.7093	75.2085	127.9676	5124.8901
6742.4649	199.1806	3116.3545	185.5291	53.9606	258.5889	1403.0786	1326.3614	398.6999
128.7766	2573.0741	5061.1493	254.9597	133.6092	205.1502	572.1565	694.0127	72.1654
8545.3939	1417.8810	182.7252	164.8733	252.0902	48.6905	911.8269	577.1694	1039.7446
211.2074	7506.6275	2467.1651	54.7421	175.4306	204.1938	1229.3664	681.3024	1185.1388
3840.9638	3667.6769	2080.3594	214.6613	169.7406	198.3372	78.7907	1772.3375	40.6005
795.8367	3195.5558	6262.6075	137.3658	184.5635	155.3546	4622.2985	1234.0216	677.6138
6061.3658	1333.8337	590.8005	191.7566	206.9659	168.1632	167.7476	32.8531	5259.9851
6909.9637	3065.1260	202.9103	172.1130	209.8835	53.1997	773.9148	1093.4888	1186.0635
197.9105	4281.1931	5779.8964	52.9401	197.0364	187.1739	1230.3057	757.5208	1425.2797
5338.9474	3580.0322	1222.0205	115.7998	175.1099	152.2645	122.4323	211.5892	4042.4693
4343.1185	160.6338	4656.2477	264.7494	43.3649	178.3489	416.7075	977.0195	1369.2393
651.2956	5846.8415	467.8630	189.8453	208.2317	165.6430	207.7863	104.4915	6088.9669
5381.6791	1649.6380	271.6828	95.9748	283.9428	245.4472	1435.2403	139.9764	767.4590
3528.7597	3866.5148	2698.7255	115.8691	145.8001	146.3410	609.6164	1367.4986	3158.8229
3821.3707	3964.2712	568.3581	175.7865	194.1344	162.3551	194.9321	87.0537	5283.6474
5185.8869	3544.7979	1399.3151	183.2943	184.1813	142.7055	1926.4944	675.3714	3409.4802
154.7067	2715.9184	6034.3749	263.9338	145.8991	244.3504	431.0342	707.2926	109.2355
6522.1156	180.1817	3419.7026	156.2932	48.1847	236.2379	796.1392	1057.4925	611.0615
193.5316	5987.6986	4072.7697	51.4544	238.8383	186.2792	1214.4446	612.8385	1285.0122
6104.6764	1803.7475	1688.5761	130.1037	185.8115	246.5281	299.9934	84.0558	202.7267
7294.9190	2106.2160	848.8650	153.7783	117.8518	178.8975	1068.1003	1913.4207	3041.8952
4690.9555	653.5931	3198.4514	231.4962	173.6459	212.1791	103.0478	5322.9746	66.0203
1126.1910	177.4420	8893.3670	188.8038	47.5197	173.9293	2193.4941	1001.4699	593.6486
4660.5286	2172.7755	3203.6959	160.3142	253.6318	213.3736	2463.9995	462.1942	528.8330
7562.0411	278.9680	239.9909	155.8510	93.3917	242.0908	172.2216	2177.9745	1080.3938
2638.5061	6377.7194	1132.7745	216.8309	157.6614	117.8002	1176.5243	1161.1768	2605.1891
2153.8477	696.5542	5557.5981	109.3046	151.2176	199.1388	83.9114	5465.4986	92.2326
7051.3600	1047.1329	2102.5071	158.4911	153.1983	181.0555	495.2893	4926.8195	418.4298
2932.3676	174.0835	7028.5489	252.4299	47.5440	173.3970	514.9575	1085.4150	1251.1166
4189.3569	3551.8265	2120.8166	158.3113	119.1922	154.0689	1392.9026	53.1575	23.8800
5465.4480	4563.8730	244.6790	207.7033	205.9656	63.5623	510.4769	1108.1211	1624.4775
7238.2852	685.7102	2255.0046	139.9445	140.4718	113.5695	296.5355	4791.5558	89.3452
6293.9728	1814.7469	2146.2803	120.2729	148.0778	173.3370	520.9753	3735.5508	587.2801
200.0730	4162.7759	5886.1511	53.5136	225.5223	166.0195	1248.5724	760.5016	1053.2719
665.2762	2487.4253	6357.2986	156.0375	107.7604	213.0123	6138.1729	80.2284	132.6532
2994.4172	5867.8862	1265.6967	120.1305	133.3261	188.2467	1872.1519	1129.9932	2188.4257
2055.3621	2830.2187	5222.4192	162.8988	225.8135	132.8503	61.1739	215.0156	635.0769
7262.6544	2673.4599	227.8857	185.2984	227.8883	59.5119	849.2609	906.8397	1449.3428
3586.3909	4947.7513	1578.8578	142.0097	231.3529	131.3133	1168.2992	864.0613	2826.0929
3647.9201	5688.0975	599.9824	178.2097	236.2594	167.0511	101.6786	122.0886	5455.4178
5467.2668	3523.4088	1263.3244	154.8870	181.9819	152.8337	640.3839	487.2213	4440.9453
5407.8385	3182.5490	734.6125	231.3128	160.3601	172.3966	91.9974	115.9522	4816.0087
5527.9573	3457.2848	1179.7579	136.4784	216.4494	118.8122	888.4641	782.3622	2567.9750
6383.7305	3223.2868	497.9827	124.9196	218.9095	89.7311	585.1774	742.1118	2073.4244
3191.4608	1710.7986	4740.7406	187.4308	166.4489	207.4972	223.9809	2851.0689	130.7839
3465.3706	2924.2624	3721.3670	184.3663	61.2236	224.9099	743.9474	639.3793	699.6240
5669.6293	3139.4103	209.9605	156.8007	109.0474	217.7766	101.1165	618.1058	1772.3664
4919.4112	293.3476	4991.2412	236.6545	75.3402	207.7379	669.3073	2203.7815	700.4222
3260.7469	3133.1292	3737.1239	162.3642	113.9637	188.6869	2360.1087	1573.0591	621.6210
6920.9953	823.3783	123.6265	207.1262	98.5409	266.8469	137.2093	815.4152	446.6544
8808.2369	209.3429	1105.4202	173.1747	55.1885	262.4275	902.0420	1285.7624	373.4699
4127.4971	3515.2758	2569.2271	156.7885	226.4655	139.2983	78.0579	55.5175	2645.5198
5839.3823	1731.8472	2372.7705	141.2550	265.0298	155.2399	656.5001	389.6065	3217.2281
6867.7838	3075.2126	191.0035	144.2775	194.9603	50.3075	675.2827	1319.2436	1048.7361
8665.9347	1040.0221	541.0432	127.3336	117.0836	140.3825	940.0112	26.4807	5731.9510
5571.1870	4409.3511	173.4620	165.2396	220.9663	46.2593	901.9073	878.4061	983.0695
7097.0058	2698.0735	343.9207	196.6404	249.7248	141.9460	164.2926	165.3585	5666.5222
9828.4151	199.8200	167.7649	163.2664	266.7939	45.9442	1012.0833	445.9430	969.5856
4719.5851	5262.9843	249.4306	208.8165	204.4940	64.5134	1023.1354	619.0908	1653.4096
5189.9706	4033.0495	278.9798	250.8748	144.6451	254.9300	87.7345	513.8817	499.1725
205.8446	2949.2780	7048.8774	53.8600	198.8897	180.4483	1220.8235	1288.4697	884.9265
5755.6404	2452.1483	899.2114	221.6271	163.4853	162.7316	109.1519	1004.7912	4528.4196
5815.6255	3714.1890	611.1855	167.4697	195.7182	105.1279	1429.9644	1213.6117	2698.8825
1071.1132	4856.5553	4247.3315	147.4576	191.5577	143.6418	4521.4479	792.5761	471.9014
4308.0570	5185.7889	605.1541	216.7690	174.1392	170.4139	95.4730	118.3695	5575.3783
2960.5528	6956.3348	204.1123	165.2306	245.2853	53.9293	746.7165	544.4287	1289.2128
3709.6943	5389.9897	742.3160	194.5806	172.2886	165.2641	125.5656	164.0680	5080.3055
717.7565	899.4911	8536.7523	109.3152	189.7116	152.5411	2681.6429	2347.2471	1026.2339
6039.9661	1861.3920	2122.6419	195.7664	84.3089	235.9281	734.8238	1056.7228	859.4811
5938.7182	1548.0706	2688.2112	167.7013	210.3569	137.4120	1275.5528	50.0978	73.3138
5340.7085	4526.2414	305.0502	215.5085	228.8758	78.3697	660.1024	637.4685	2355.8848
3662.8854	3461.4722	2922.6425	201.3668	173.3109	237.6158	58.9338	1992.4658	56.2337
6581.2778	207.1730	3399.5492	180.8017	53.9598	196.8847	608.2088	1212.8676	1324.7978
7703.8953	1419.4207	1150.6840	150.7164	176.5515	152.1743	528.6979	915.2435	4628.3112
5998.0484	1772.0658	1245.8858	255.1082	175.4719	148.9004	112.4714	67.1922	1984.8612
3384.2040	6058.7051	185.0908	258.6272	162.0543	49.2011	542.8472	789.5554	1092.8417
5410.7727	3018.8927	565.3345	172.9165	201.8945	168.1639	107.4649	254.1120	5766.7057
6446.0225	1849.6194	1872.3581	153.2164	127.1350	224.0098	980.8055	2530.9177	1004.9200
6375.4859	3536.0636	229.4505	189.9024	218.1741	59.9673	940.1462	988.1321	1474.7032
2638.9587	7365.1658	129.8755	130.6020	165.7218	53.4577	62.4104	728.9170	862.6417
274.2090	5340.9415	4537.8495	70.5871	205.0961	229.9943	1958.4597	804.5449	754.6070
5065.0942	2691.2759	2226.6299	260.5153	205.9591	176.4290	112.5294	2317.2008	54.9994
1285.2909	2801.2416	6075.4675	154.0042	178.8624	150.0630	4424.7777	609.2952	557.4824
3545.6232	5621.4937	674.8831	264.8898	154.4571	121.2131	388.9989	969.4572	3709.0519
3288.7138	932.0012	3644.2849	253.7509	175.7683	236.5460	55.7175	4005.1680	67.3759
8830.0338	916.9870	308.9792	220.1837	271.4022	79.7408	829.5448	227.9978	2458.6801
6885.3311	935.0813	249.5876	258.3787	208.5288	109.9944	149.6907	554.5025	3633.9437
180.6158	5298.9247	4628.4595	48.7251	225.2489	152.1994	1100.3115	829.7494	834.2358
535.6160	3809.0558	5811.3283	108.8372	178.3201	212.9096	3178.6582	1859.5344	529.2002
2010.0023	6519.4702	644.5275	75.4442	212.4636	150.0049	101.5792	132.8615	6907.1950
3896.4895	5511.2403	871.2702	171.3234	180.2297	122.6499	1866.7436	649.4818	3157.1547
3903.6208	598.2204	3105.1588	220.2887	176.1801	203.9322	91.8196	5500.2330	70.8529
5319.2205	218.8738	4696.9057	197.9527	56.6406	195.9945	1069.0154	1314.5813	658.1016
3282.6136	5412.4207	1568.9658	178.1527	157.5694	152.0912	585.1449	752.0448	4014.4311
162.3439	9728.4014	177.2547	255.8992	180.5145	76.0243	784.2506	385.2161	1674.5045
432.7777	2590.3881	7139.8341	90.0433	189.1832	163.9264	2346.4156	1636.5812	1063.3889
5265.1697	3741.4743	1070.3560	139.3841	212.9190	165.7445	125.6264	93.9651	4043.6651
6620.6114	3352.2396	156.1490	166.5506	185.4188	42.1715	972.9446	1487.9081	841.0081
190.4482	6314.2489	3666.3029	49.7962	156.8240	199.5405	1052.0656	606.5629	1310.1517
546.9828	870.5432	6528.4740	169.0401	220.2853	171.6895	5919.5176	114.4652	124.8336
4727.7958	207.6736	5254.5306	217.0139	54.4361	169.8898	760.6351	1254.9299	827.6609
8203.2117	213.8942	167.8941	143.0551	79.4569	230.9545	238.3932	1680.2400	1270.0032
3963.5239	324.4138	5919.0623	235.7437	82.9387	208.1809	770.5434	2610.3231	606.5625
8476.5635	1593.8518	158.5848	143.7849	192.7614	42.8539	710.7898	1774.0008	826.5034
311.3010	2818.4674	5807.2317	125.4597	224.9852	194.6407	4338.4235	519.9700	129.2073
1241.3478	183.6360	8798.0162	219.2482	49.6689	159.9061	1210.9736	1090.5939	975.1482
3910.5674	3123.8811	708.5515	188.4995	170.8121	175.6253	66.8180	49.1757	4960.2969
1081.2352	4307.0951	4763.6697	145.4905	190.9750	150.2922	4336.9676	945.1613	804.5692
1395.2377	2358.9278	6476.8344	133.9327	176.5408	168.2900	3104.2956	1925.3092	1121.8991
757.7323	4170.3726	5195.8950	150.8224	213.8514	120.3079	5667.9338	71.7361	141.1680
2591.9935	178.6969	7408.3096	187.3226	48.0830	172.0050	1654.0590	1039.4713	996.9693
5325.4232	433.0403	778.5365	220.7228	165.4970	206.4172	88.2726	6628.3175	526.2365
8901.3618	193.4451	1067.1930	177.8107	51.1068	193.6852	582.1831	1116.7771	2039.8384
4956.8840	4880.7911	241.3250	205.9147	182.9810	61.5586	675.8675	1439.8139	1451.3273
4108.4666	3844.5757	578.9577	193.5292	182.7557	170.9499	205.6856	262.4461	5679.3399
4400.6069	1339.5421	4466.8511	112.7110	146.6699	152.5529	770.8161	4268.5987	597.9709
3813.0782	4631.3290	617.5928	288.2137	158.0533	157.1427	56.7907	173.9132	5169.3153
4836.2555	2310.7502	3034.9943	184.6497	150.8884	150.7388	550.6362	3411.9933	937.3393
609.0339	5774.7997	3268.1663	123.4626	261.3127	152.9813	4200.6338	447.4035	778.9015
1127.7653	1391.9779	6851.2568	181.2384	97.5200	216.6952	83.7111	792.4610	224.1029
4942.5126	3807.8659	1420.6215	158.9767	185.0516	153.3552	872.5286	441.1881	4170.6722
4651.5590	4411.2678	970.1731	237.5744	172.0201	168.5154	83.1393	116.4506	4019.4632
2197.6532	3100.4541	4811.8927	169.0949	97.1327	164.1348	2494.3810	1330.5599	757.2737
1719.0415	5231.2881	3233.6703	154.0772	138.9442	180.6402	3865.2089	580.3058	731.3361
3421.8870	5317.8931	151.2199	173.3460	274.6246	68.7868	591.1954	83.9070	1633.2561
1447.3702	3331.0557	5467.5741	154.5681	183.9766	165.3782	4190.5316	685.8320	757.9852
6848.6928	1328.6808	1378.6263	141.8766	272.0596	188.7453	416.3061	184.4997	94.3998
178.6443	4641.0413	5368.3144	47.8785	209.1476	169.6915	1049.1489	838.9332	1098.6130
6540.7776	2304.7648	1341.4576	128.3676	128.9651	177.1633	782.0814	2363.3678	2447.4744
3830.3760	824.2676	5383.3564	172.0243	149.3281	124.0049	96.4071	4415.8020	109.0466
5078.8680	3419.2891	1729.8429	107.5786	166.1143	147.1535	612.0588	551.9586	3814.1657
546.9362	5605.9760	2827.0877	163.6002	204.4268	167.5782	5460.0670	99.3147	104.9551
2267.1077	5412.8952	2479.9971	215.7750	158.2445	235.8940	285.3877	2005.5302	529.9034
4686.3076	2394.9033	3089.7891	97.9899	145.2428	159.1417	529.3691	3377.5650	992.2477
2121.8715	6591.9531	605.1754	212.3717	187.5514	167.8530	125.2050	172.5764	5521.5385
1042.1074	5679.3040	3132.5886	272.7024	142.8412	218.8951	257.8817	1609.6671	484.8809
796.9305	514.6894	6786.3801	146.5649	187.9938	128.9535	4872.6399	106.4736	147.5776
6145.9414	940.0124	3117.0462	170.0258	151.1973	195.2229	651.9613	5118.1782	613.1181
7592.5196	2446.2669	179.2135	188.5827	188.2610	47.6605	598.9310	1610.2000	1010.5459
6721.6319	1233.0154	730.3527	176.9074	119.1277	151.5438	137.1706	88.5383	4729.0361
3386.1125	4070.6846	2742.2030	187.7217	128.5622	149.6119	575.3509	753.9379	3220.1373
7149.8620	1215.3471	93.7909	180.4481	152.0698	270.5532	186.3835	2049.3583	432.0520
6503.6792	3450.6980	261.6227	202.4825	239.5516	67.8701	888.3192	681.2699	1834.6668
4678.4921	4316.8078	1032.7002	143.5624	168.9150	268.2909	482.6408	2810.2496	326.7638
2090.5173	585.0597	6067.4231	218.8114	168.1083	178.5282	136.7034	5749.9747	113.5618
5007.9035	3796.7712	1446.3252	193.1644	75.4494	125.3776	937.9180	743.3921	367.8238
5705.8118	235.5737	1561.6145	184.6928	106.9802	225.4755	96.8680	3550.5153	893.9107
1171.0061	5478.1350	3556.8589	220.7334	150.1608	205.6925	832.1940	1979.8285	384.5136
5859.0346	4180.0745	202.8909	182.6225	222.4527	53.2892	955.7319	874.6820	1213.9926
6236.2665	2301.6471	184.0864	137.7271	197.8625	73.2854	113.7102	645.3447	1466.9116
206.5263	5386.1404	4557.3333	54.5178	187.1176	222.0807	1290.5627	1170.5163	761.0688
5156.3055	4082.1486	757.5460	188.3234	134.0419	160.3038	106.5463	64.0532	4506.1990
3192.1691	2980.1371	3774.6938	218.2076	60.6793	105.7559	1078.8358	771.3466	955.1295
197.8485	7131.3934	2864.7581	51.5872	177.6844	200.8785	1124.6516	849.6059	1173.7104
3150.2350	5941.0351	566.7298	170.0114	247.3049	154.8647	206.3768	119.7755	5106.6468
6477.2041	3475.0597	190.7362	179.0486	202.9477	51.5139	1295.5700	1221.7741	1176.3127
411.9138	546.0629	5478.0234	145.3822	150.6546	163.9390	169.9341	5184.8628	87.6632
3275.8749	6635.7738	255.3513	241.3336	198.8211	66.5378	695.4258	1004.8045	1779.9487
5596.3177	997.5020	3664.1803	172.2697	153.2604	191.7245	616.7090	5050.2470	539.8751
3865.7516	742.8027	5347.4456	188.7753	156.2466	147.4548	73.8045	4441.1521	108.0695
4093.7985	168.8205	3729.3810	269.1909	45.2984	176.6259	371.0070	1035.3212	1295.2229
6309.3480	472.6172	1230.0347	250.7735	156.5062	169.0033	114.4846	5507.4501	138.9749
4404.6489	581.7919	5134.5592	172.2353	114.1604	211.7147	1778.4247	3300.9540	906.6825
4579.3752	5058.7632	162.8616	149.8721	250.3868	45.4825	913.7207	667.7793	1066.2288
8161.8949	1790.1638	178.9413	188.9520	139.6244	80.5972	631.6244	35.9846	2024.6206
5560.4145	1353.2966	3329.2890	163.2958	153.4992	196.4040	834.8090	4277.1326	550.4793
354.8262	3074.1863	6809.9875	234.5165	138.6435	198.4018	1025.4658	837.0935	252.0081
3351.0191	6209.0342	623.9467	181.8708	171.7530	114.7823	1575.8417	959.4053	3384.4145
1786.5132	7207.1528	1225.3340	144.3624	148.5777	149.1344	788.7600	778.1898	4459.4240
731.6311	1282.8083	6441.5606	162.0287	205.7486	137.8109	5286.4262	126.3729	121.8551
2509.6602	7128.2832	291.0566	257.6744	215.2639	75.4062	425.7006	940.3289	2235.7902
2771.8013	621.0210	5626.1776	214.4420	160.3701	157.2575	33.5960	4892.6908	98.8718
2803.1894	4015.9300	2997.8806	254.5487	144.9325	134.1746	612.2363	976.5037	2499.8193
7955.2620	2028.5758	163.1621	163.8293	236.2604	44.5221	1046.6026	776.6175	941.4218
670.1047	6668.9256	1912.9697	163.5823	191.6041	152.3104	5060.3881	144.4722	101.3169
7364.0656	2612.6033	158.3311	167.4219	186.9821	42.7624	964.8250	1615.3696	856.4246
3713.4882	5753.6909	594.8209	206.5219	172.6184	164.7104	82.2580	126.3548	5287.8418
4105.8192	3772.7314	2051.4495	262.8871	156.7970	221.6792	340.9774	2647.6900	800.6591
4000.5120	2844.8393	3022.6487	122.7705	150.6774	250.0875	478.7120	2966.1513	672.9139
3737.7748	4420.6242	667.6010	157.6993	178.0697	158.4344	78.9813	99.5562	4724.5326
162.5414	3696.5055	6313.9531	46.6319	206.7619	177.3555	1107.4499	1199.2615	1610.8644
5078.8159	330.1315	2383.0526	256.3673	142.1429	241.4213	194.1474	5411.6717	53.1721
1441.0965	3946.5114	4754.3922	152.7946	180.3447	139.4308	4142.2590	780.6891	515.3691
6936.0024	3108.6457	183.3519	178.2465	188.3925	49.0504	818.3046	1554.8803	1064.5575
851.9814	3472.9147	5878.1038	187.0519	136.0913	227.6056	68.3271	685.4308	211.8228
4160.4938	1239.4861	4261.0201	170.4124	277.1186	234.6402	2582.5727	172.9330	581.4724
9274.3365	573.4223	167.2412	190.1014	221.6434	76.6299	491.5287	1152.0753	1845.0923
6822.2405	3168.8435	183.9159	177.4169	192.0056	49.2485	1059.9370	1430.5040	1076.7811
315.8904	2234.8729	7626.2367	75.8280	240.4954	140.0425	1978.1180	671.9135	608.9851
4156.1434	4559.7048	571.1518	191.7766	213.7853	172.5638	104.1907	99.6946	5773.6179
5230.7068	208.4111	4759.8820	196.4328	54.3436	198.3640	1213.0370	1244.1879	647.7207
2865.2682	4338.6898	2943.0419	179.2791	159.2298	197.8871	56.3406	1345.1051	57.1767
3475.6835	2784.7871	446.5294	276.7981	220.3031	108.1547	220.5898	1380.5241	3906.8452
6274.1275	3702.8869	190.9857	155.9496	218.0487	50.3145	634.0843	1057.5172	1084.9871
644.0745	6624.5081	1882.4173	162.4083	197.4633	153.2754	5091.5618	138.1567	101.0595
8211.7709	1765.9766	199.2525	140.2798	200.7875	53.3582	719.6386	1743.9616	1178.7517
636.7090	3707.5959	5733.6951	145.1047	123.2965	168.7989	4892.9218	151.1190	146.4124
4097.4009	3102.5427	2934.0564	193.3737	137.6936	187.8931	620.5559	2502.4735	1515.4651
6330.5999	2023.0068	1856.3933	153.1773	149.1856	112.4303	711.0403	3596.9815	455.3580
4721.3101	4434.8942	633.7957	162.2162	186.1063	161.2628	112.3239	87.9939	4933.0084
1526.1345	8449.9747	186.8908	193.0749	177.3035	49.2603	1723.7763	686.3059	1039.6021
4288.9130	2301.7376	3457.3494	230.8963	272.6585	148.7939	132.2314	134.6436	478.2615
5936.6831	314.5702	3940.7467	133.4988	73.7745	215.1099	575.0665	1821.8875	782.9257
2540.9410	6537.2632	1005.7959	146.1986	201.5860	142.3596	692.6897	716.5630	4346.2118
4920.2927	2390.2344	612.4729	175.2393	192.9789	165.1678	101.2023	38.5142	5105.9940
1486.5993	8357.3677	242.0330	196.2196	248.0226	63.6829	1310.6965	507.4681	1713.0434
1473.3689	4596.9485	3581.6825	227.2920	165.8203	238.7489	35.2636	1434.9300	69.6550
7832.5633	196.5013	2246.9354	178.2942	52.2569	203.2395	1128.9336	1184.5528	1366.2889
3808.9704	2606.8962	3788.1333	127.6442	157.3879	173.7808	479.2167	3366.0379	867.5751
4398.8205	4171.6114	1058.5681	196.4295	220.7968	171.0690	80.1853	118.7796	3785.4219
3949.6058	5678.1839	581.2103	169.1078	114.8034	194.3596	503.3434	1365.1133	2807.4058
7758.4825	1727.4677	158.0498	170.1669	196.7925	73.3459	232.8704	873.1518	1700.3447
4114.3077	2586.2150	3540.4773	198.2449	92.1517	161.4944	1189.0414	1049.0335	836.0101
7132.8329	1392.0686	1618.0985	152.8561	122.8744	147.6347	791.3319	716.7946	3936.9279
2022.7863	6422.8531	172.3606	194.4524	164.3687	73.5307	1034.5709	141.7387	1584.0245
3170.2174	2245.4475	4747.3351	172.4508	153.6641	133.4825	941.1687	3488.9357	576.2865
3789.1106	617.1275	3984.7619	178.1858	168.0474	197.6576	71.3454	5158.3390	76.7243
3728.7192	3542.5073	2989.7735	136.1550	99.4351	161.0244	2303.2266	419.6020	2100.1412
4298.5902	5651.0069	212.4029	197.8410	216.8170	55.9241	1302.0125	522.3340	1334.9863
1755.2583	464.8574	6226.8843	182.8907	163.3171	237.3631	434.5111	6213.6173	118.8462
6358.3407	3715.0549	185.6044	177.1376	199.8230	48.9166	962.6237	1083.0480	1040.6181
498.3125	4601.5418	5004.1458	240.8780	127.7681	240.3996	702.2971	331.4005	101.3581
8982.4694	1050.8493	170.6813	150.8407	219.9682	45.3466	683.9285	1116.2689	896.0921
7267.1153	175.5765	2747.3082	175.6650	47.6001	196.0045	1261.8621	1045.4050	1213.2966
2437.5172	814.5271	6587.9557	230.8547	160.7200	152.5962	186.1795	4914.6227	158.1864
8672.8942	1373.0918	212.0140	157.1923	215.8355	55.0967	789.5321	1112.5556	1206.2358
6497.2192	1104.3496	160.4312	151.6452	195.8751	70.7782	123.9828	1589.4715	1527.9721
6991.0730	2951.8655	184.0615	165.7124	208.3748	48.7567	837.6131	1199.6335	1036.1903
495.5311	4603.1707	5000.2982	107.3066	248.7395	210.6379	3417.2040	483.0110	869.7632
687.2091	3204.7778	5816.0132	145.4203	157.2617	127.5325	4762.2009	119.9142	122.4126
1504.6960	2651.9067	6045.3973	152.1382	184.3763	151.6110	4070.5261	458.6346	714.2896
3238.0845	5648.3165	690.5990	181.4516	136.9198	153.3470	77.4128	105.9061	4590.6924
1433.3129	2219.7981	6551.8890	150.7118	132.2053	167.2696	4155.7992	487.8463	542.6312
4101.5878	2856.1483	3216.2638	233.3582	207.2301	99.5526	633.7883	564.9799	1101.9645
5758.6780	824.3226	3350.9994	120.6147	155.0570	202.3314	118.4586	5314.9085	168.9967
6192.1270	2020.3526	1941.5204	136.0583	176.6651	155.1375	571.8274	416.1460	3713.5844
5990.3777	760.0209	78.6014	186.3496	145.9680	262.1584	102.7469	3120.7569	482.5135
1239.5051	3036.0745	5908.4204	153.4897	189.6442	157.1551	4473.4368	662.0720	704.9098
188.7733	7474.6184	2584.6083	50.0579	158.4690	220.9829	1086.3834	839.1881	835.9015
2553.4190	3239.3897	1836.1913	291.8568	124.2719	200.1364	39.1671	452.4004	188.1943
3835.1817	816.1035	5525.7148	186.1574	144.4228	167.7880	957.2611	5117.7402	681.8712
2498.4795	6544.0017	716.5188	208.6782	163.8692	165.2159	143.6079	148.9838	5217.2801
2064.3224	2293.7425	5792.9351	162.5251	148.5439	123.9513	949.0315	3397.9013	598.5009
3867.0591	1069.9243	5288.0167	147.8247	123.9817	205.7357	1089.1640	2994.3242	909.4512
5917.8300	3294.5086	700.6614	123.2577	212.7019	153.0792	120.7197	245.8932	5745.1605
4704.7302	4139.8402	256.4296	268.4679	209.4663	67.8849	327.3033	1374.7859	1945.8917
6299.2627	212.4012	356.3361	173.3163	93.7010	220.7068	117.3718	2654.5312	1787.3736
4379.5564	5471.1928	279.2508	225.3876	202.2648	71.9391	755.7079	658.2477	2011.5694
2384.3778	4749.9769	3017.6453	80.8405	164.8410	201.8199	806.3690	657.9682	1162.0779
7064.9085	815.0504	1964.0411	217.4249	163.0344	146.9133	180.9044	4640.7052	121.8652
4586.7291	2237.9542	3380.3168	158.7095	144.2605	111.0054	834.9187	3487.1101	810.7186
151.8921	9252.7509	400.3570	66.4103	151.8340	242.4480	1326.5858	238.4544	577.6114
2577.2956	5507.6300	2040.0744	240.3539	133.9100	193.8749	614.7900	1732.5349	658.8582
3260.3165	3988.5284	2912.1552	185.0470	132.1133	149.9496	975.5315	897.0390	3154.3981
5883.6198	714.1047	2856.2755	190.6466	158.4453	149.6073	114.0031	4826.5571	126.7095
4178.2535	266.8844	5709.8621	169.6442	68.0837	241.5553	1179.6980	1772.9443	538.8074
4965.1675	4352.9024	586.9301	199.2169	173.1283	170.9355	135.3997	80.1453	5626.7310
3905.0478	5201.1225	1098.8297	156.0971	195.8421	152.8766	624.6605	556.9778	4752.4823
1466.7030	7973.2880	770.0090	170.7708	177.9562	77.4528	2794.5665	550.1753	1235.4890
3820.4898	5471.1124	764.3979	137.0318	190.9583	161.5765	66.9880	113.5726	4553.2605
7456.1138	489.7988	2210.0874	98.6305	254.6646	99.4902	515.1057	714.4919	1375.9869
1365.3385	6083.1861	2707.4754	228.1021	149.7696	174.4816	355.5839	660.2048	64.3232
9653.9435	152.3519	364.7046	147.7179	40.5360	222.1471	716.3976	744.0587	1714.7553
3154.2519	4327.3060	2445.4421	217.1083	125.5957	256.0578	511.0715	1302.1353	428.8710
4835.5819	1572.4765	544.9417	167.3456	169.2306	156.5448	113.7913	116.4251	5391.2403
2247.7048	7546.7244	213.5707	198.5901	192.1944	60.8040	320.8561	1778.6903	1670.7239
4863.3778	604.0716	2102.5505	169.8714	160.0265	153.1700	97.9628	4840.0200	34.4883
3089.2006	6825.7732	241.0262	222.6497	188.9239	62.7846	960.6343	869.2594	1589.4894
1672.8679	8217.2811	182.8510	254.7869	187.4889	48.9548	494.5519	1263.4515	1095.8545
753.1746	6578.0791	2374.7463	140.4118	146.2895	120.2767	4701.7928	206.0829	176.8471
2551.7922	3370.6354	3719.5724	275.3563	144.5394	239.7797	191.1055	2116.3261	550.2476
4093.7758	1373.6913	884.5329	288.5209	126.3674	239.7821	49.6934	1125.2214	203.9861
5938.0673	4007.2880	224.6447	107.3492	97.2246	240.1260	875.5947	1272.8267	1429.7516
1822.9940	2268.8128	6087.1932	136.6964	187.2485	172.5206	2950.2545	2044.0648	708.2436
2814.2778	6367.2658	844.4563	118.6418	175.1483	150.2503	89.1743	170.5030	4405.6701
1396.4325	883.7227	7770.8448	256.3308	131.3953	207.2304	444.1114	3581.3968	975.3289
628.2767	6549.8656	1528.8577	164.5206	164.4011	196.0455	5292.9687	134.4778	110.9134
2985.2736	5976.9234	1225.8030	205.6437	132.0637	119.3579	1007.3654	753.7895	2558.3783
5602.7766	1621.5272	2905.6963	166.1400	147.6285	119.8667	520.8733	3917.7979	533.3659
6061.7506	1400.5117	1187.7377	166.8673	222.7243	88.7280	104.3818	450.1545	554.4687
8334.2053	1602.1712	247.6236	195.6884	249.9879	64.5167	899.0993	594.2431	1676.7994
3489.2515	636.1424	4224.6060	191.1792	164.9874	171.8376	60.6383	4976.2008	80.7309
4546.4330	5430.9177	194.6493	205.2531	188.5748	51.2880	805.8339	1173.6353	1139.2377
3696.7490	2472.2109	3948.0401	103.0736	172.9134	149.8562	513.0738	1081.6689	2919.4682
753.8679	4020.5025	5290.6296	142.5740	191.8610	89.3340	5743.4476	79.2641	101.6008
1393.8500	8388.5598	473.5902	187.0470	184.9551	73.2657	2066.0834	554.7546	1325.4466
6404.3295	3137.8123	595.8582	174.4999	238.6485	166.2280	211.6058	82.6511	5648.3527
213.1844	6137.5776	3809.2380	55.8537	181.7482	219.9895	1316.9164	965.5956	930.5741
2847.3645	187.0330	7216.6026	157.8831	49.6385	220.0146	811.5301	1120.2386	681.5160
5356.7741	3994.9596	630.2664	203.0793	179.2848	169.9351	147.8114	121.9631	5453.9313
5794.3437	3755.8099	230.8464	195.1586	264.1562	59.8026	847.4180	355.0117	1465.1887
