3041.6737	521.5815	6682.7447	217.6885	98.3985	161.5408	993.6880	2562.0328	1108.4434	3182.9401	2507.7448	3226.3151	118.1005	119.1069	210.3953	662.3179	1974.2437	1939.2060	6516.2993	3482.9429	176.7579	176.8463	195.1945	48.9210	1439.7871	1108.2025	1108.3002	5648.3436	4243.3437	194.3127	135.5713	223.0239	51.6168	592.3830	1053.4483	1135.0461	4784.7561	5086.6672	260.5767	227.2706	196.8531	67.4361	803.3467	767.6769	1801.4945
4293.1485	2291.5369	3507.3147	103.4736	212.8961	84.3631	711.7902	846.0444	901.4193	2582.7227	6035.8517	1535.4256	115.7275	187.7245	98.1437	608.8637	1078.7808	1494.8301	6107.8844	2398.8921	1718.2235	164.0866	120.0871	147.5059	684.4005	481.5223	3827.4759	6531.7826	1703.0194	1951.1981	164.4137	147.2636	123.8228	579.5768	3853.2015	555.0606	296.7888	5545.9445	4357.2666	75.1247	139.0603	193.0375	2024.7234	720.8982	1673.6132
3724.2403	6281.0280	212.7317	218.4697	163.7628	55.5037	786.9776	602.6059	1266.6954	3838.4642	6159.6423	187.8936	198.8572	170.3096	49.1932	1163.8117	763.2609	1030.6803	2919.4080	6995.4629	230.1290	249.6912	200.2218	60.2170	500.2153	1067.9575	1509.8488	2483.6470	7485.4198	231.9332	247.0246	187.3008	60.0901	524.2418	705.0040	1457.8113	7744.3737	2332.7008	164.9256	126.8493	115.9851	253.5648	885.7607	1879.4087	966.0217
3528.1138	3634.0578	3046.8284	63.8729	173.6161	98.4998	669.9768	1619.2168	466.4250	5120.8387	1261.2954	3743.8659	155.2083	135.7172	205.2513	1506.8235	3167.2597	1106.7379	4205.8377	5228.8619	791.3005	191.8077	180.5645	139.8993	469.6300	1124.5561	4858.8242	6762.4026	1326.2440	2046.3534	153.7543	145.8956	114.8182	525.4081	4327.2574	621.8507	4076.6903	1843.0134	4267.2963	218.1337	157.6250	239.3470	442.2523	3247.2999	505.9904
7774.0499	207.6960	2175.2541	170.7338	54.9637	200.9581	1154.6008	1254.5974	1405.0789	4775.9235	202.9615	5132.1150	193.8635	53.0171	194.3570	1235.2041	1193.3605	723.5303	207.0973	3244.5037	6711.3991	54.7753	193.4896	167.8040	1245.3080	1449.8948	1101.2284	4262.9946	5634.9565	171.0489	130.9344	225.1661	49.1401	751.1774	1007.5700	1180.0274	5891.9297	3829.1455	474.9247	177.4758	193.3473	96.8579	1570.2483	501.7875	2620.8105
1175.7947	658.3458	8260.8595	127.8777	212.3383	137.0618	3078.8032	1733.4304	793.4752	4623.2755	5203.3331	262.3915	207.5695	202.2467	68.1105	494.2031	1279.2938	1824.9188	4547.9946	151.0313	5452.9742	150.3225	42.3213	241.9813	974.1361	976.9971	670.6461	4568.9075	2843.0464	2652.0461	105.1513	127.2913	227.4880	486.9635	2175.8636	786.0408	5795.5355	192.0172	4213.4473	196.8378	51.1948	188.6375	646.0268	1165.0742	1458.7708
3647.5346	6280.6384	225.8270	199.8910	217.9776	59.2908	1270.6785	713.7608	1473.3180	4293.1189	3220.8498	2550.0312	114.6821	103.0721	177.6953	875.5219	1302.5279	1996.0135	4981.2967	598.4803	4473.2230	247.6559	80.1036	220.6207	491.1871	1875.3070	614.8127	5086.4191	4862.2563	241.3246	207.1935	206.7140	62.4561	513.8583	1043.0011	1560.7202	3378.1941	3799.8794	2871.9264	217.5814	127.7756	184.7531	1045.0960	2132.5597	738.1123
8251.5780	166.6837	1728.7383	165.4548	45.5307	235.2377	1128.2988	979.3362	846.1039	2851.9014	7234.8427	172.2558	189.4089	140.4342	46.0452	1518.1358	628.5322	919.6407	1182.9646	3456.2085	5455.8269	118.2139	244.4087	161.8209	2671.7871	616.0065	1225.7647	855.5123	7648.3615	1677.1261	94.9467	113.6071	193.7210	1722.8610	524.0876	1516.6648	4856.8033	5192.5374	162.6592	197.7727	176.8611	44.7427	883.2925	1455.6384	965.7799
4813.9429	5057.7385	305.3186	214.8804	239.7173	78.4984	680.0808	585.3135	2371.9598	7324.3651	2259.5864	585.0484	124.8102	151.4895	163.9798	571.9365	3455.4555	589.5227	3553.4960	1533.1110	5075.3930	116.4847	144.6887	152.0798	677.2647	4073.3832	641.4007	2466.5829	210.7550	7451.6621	247.6298	56.7061	184.3988	533.4387	1399.3633	1391.1743	4222.0118	5780.0866	247.9015	199.0000	212.8877	64.7623	1303.4934	605.1025	1687.6396
1321.4740	5533.8589	3294.6671	211.4204	193.7607	110.0979	1164.7601	515.1906	1133.4678	5581.9246	3386.0021	1264.0733	141.0730	205.2012	115.3229	542.9338	949.7569	2319.3841	195.9537	3548.9982	6455.0480	52.0167	211.5719	181.3110	1187.8475	1010.4944	1161.9221	2515.1472	6753.4398	782.4130	186.1601	234.1888	54.9291	1341.7978	664.7187	862.6774	6804.9343	2094.7505	1296.3152	116.3527	189.0746	120.4714	549.0610	1657.9432	2557.9244
5042.2385	4387.2221	341.5394	167.8692	259.4864	68.3373	901.9269	469.0482	1423.0360	5733.0940	4280.5397	256.3662	197.2400	234.1886	66.3070	749.1972	628.1770	1745.6344	2225.1383	1006.2788	6889.5829	210.5377	116.7253	123.0817	1157.4994	2661.8333	536.0094	5759.8841	4145.4796	178.6363	145.5295	213.5115	47.6338	633.9956	854.1019	1005.3406	210.1106	3522.9505	6401.9389	54.4985	198.2321	188.8078	1228.7552	1284.2274	542.2808
7502.2909	239.9490	1847.7601	202.8672	61.7668	273.7960	879.1401	1535.1231	233.3820	6405.6641	3532.6752	233.6607	196.6423	231.6700	61.1490	1047.2035	781.5145	1541.2034	8165.4230	331.9284	1041.6486	223.1517	85.1621	278.6513	910.8237	2768.7523	154.6442	3490.2191	6484.5258	190.2551	191.0941	189.3974	50.0717	1372.4736	623.6534	1080.5847	4672.5626	5132.2751	321.1623	240.0289	217.3681	82.4544	585.9668	614.7217	2595.7500
6700.1737	3234.5968	210.2295	179.0360	199.3259	55.2667	840.6875	1346.3560	1273.7765	6148.5048	3746.8448	194.6504	179.1479	208.4531	51.9226	1133.7314	1082.2938	1179.4728	5505.6950	4408.1631	323.1419	233.1423	222.6187	82.8920	547.9730	662.2746	2616.3899	240.9688	7794.6422	2104.3890	63.0221	199.6380	245.7964	1637.1840	1152.3302	636.4802	2142.0683	497.9354	7544.9962	186.0309	106.3129	169.2178	1692.2813	3309.0564	851.3590
5727.9311	807.6245	3696.4444	172.7013	146.4626	203.1447	741.0084	5301.4306	614.7898	203.3434	1944.4113	7879.2453	53.4208	265.7426	188.8377	1240.4185	322.5349	1086.1543	5652.7495	192.2467	4392.0039	149.9459	50.8826	212.1618	717.7492	1116.7471	843.3034	1251.0849	2746.0725	6237.8426	153.1774	189.7587	160.7384	4443.3271	681.6577	718.0613	4899.1172	5043.7135	229.1693	201.7154	195.7124	59.4446	1047.8359	653.7475	1427.6480
3065.1694	276.3697	6785.4609	237.6122	70.8291	197.0920	733.2617	1936.2225	1034.9202	4895.5903	5100.4444	177.9653	242.8084	143.7577	48.2461	591.7103	662.1382	1092.2706	693.2827	6921.9498	2537.7675	183.9111	160.4765	112.5669	3176.1829	636.0105	1629.2814	241.5168	2281.3165	7724.1666	62.5782	247.6857	184.6324	1567.6860	482.0265	1039.1327	3670.2096	5611.6444	924.1460	191.6590	177.9490	149.5538	627.9305	909.5225	5049.3781
2663.9695	4348.7290	3115.3016	165.2410	129.5322	244.4438	510.8565	1811.3785	560.3010	5942.0015	247.4401	4028.5584	202.5174	63.6535	207.1602	485.6134	1605.4290	1023.9938	5540.1776	832.7769	3765.0455	198.2572	122.3805	134.3599	1536.7229	3258.2506	802.1687	1258.6383	8019.1728	318.1889	280.2191	227.7082	81.8757	133.5705	757.5200	2582.8073	6067.1314	177.1177	3733.7509	157.2533	47.0750	249.1114	753.4779	1025.8128	630.8675
2757.5005	6150.0741	1294.4254	179.7909	158.1636	151.1555	923.0420	744.1877	4312.4498	4128.4471	252.6980	5761.8549	210.5474	65.0467	191.3718	1004.0695	1656.7026	1200.5938	6697.1220	2451.5325	1106.3455	151.0337	182.6970	151.9302	534.8944	796.4305	4707.0739	219.9861	7458.2451	2508.7688	57.6142	193.4093	241.9783	1401.9331	1081.6053	603.9645	8389.0616	191.0846	1669.8538	183.3573	51.7509	241.5839	1325.5333	1215.9201	572.0157
4227.7756	235.4103	5727.8141	232.5501	60.9288	186.3563	642.3025	1509.4043	754.1903	211.7332	3775.3663	6199.9005	55.0048	198.3338	182.8892	1251.7616	1238.3366	661.3362	7443.7957	166.9272	2531.2771	146.4999	44.8559	238.8892	721.6735	931.3925	757.2936	5162.3949	4774.3943	189.2108	174.8449	213.1503	55.3233	1661.4348	1004.9183	1440.0150	7923.4658	1566.9762	251.5580	208.1022	275.0874	66.2668	1290.6878	205.7885	1813.7507
272.2458	4480.1283	5427.6258	67.9164	156.3011	215.0277	1686.1796	1019.6069	777.0029	5782.3683	3185.3559	1214.2757	218.8534	210.1492	116.6182	578.8896	951.0898	2406.5650	6014.5128	4010.0538	213.4334	227.9085	186.5798	55.9875	649.4561	1011.7701	1332.2820	5933.0941	2883.3745	1363.5315	148.6375	117.6160	146.4297	652.7126	488.1851	4275.1479	4731.5707	3009.3478	2478.0815	179.7079	144.6039	151.1302	588.0506	852.7517	3364.8181
4482.9352	1652.4140	4060.6508	184.1202	152.9325	139.6417	507.5849	3902.8542	665.6217	193.1648	6511.0503	3504.7849	50.5449	192.2118	198.5561	1101.3838	570.7136	1544.4522	1860.5408	3761.5012	4550.9580	143.4292	193.9251	151.7074	3318.5713	984.6194	1078.8602	3221.5302	304.0940	6721.3758	212.5424	72.5449	172.2343	1055.2236	1799.1490	1068.9551	3114.9854	1773.8939	5307.1208	134.2697	152.8156	188.2308	590.5047	3791.5982	560.9114
1872.2896	2684.9528	5664.7577	151.1357	187.2016	130.4942	3685.1059	634.5011	517.8357	1627.4170	183.8730	8475.7100	190.5373	48.5896	177.8125	1799.1786	1030.2539	667.7092	4937.9708	4660.9106	607.1186	102.0277	124.7066	185.9848	450.3266	1736.3969	3200.9860	7053.1607	213.8063	2976.0330	184.3963	55.3829	206.1569	799.5808	1260.8974	1083.1027	4386.9864	3800.8393	1862.1743	134.5019	118.0698	243.3601	2168.5456	1290.7076	829.5694
5166.1513	4891.3063	201.5424	192.9176	210.8685	53.3960	1301.3220	711.7460	1239.8313	4742.5123	5213.7035	245.7842	232.6778	196.5673	64.0918	724.7856	980.1041	1669.1566	7585.7516	572.0943	1981.1542	153.9185	99.6690	241.2772	886.6005	2512.1767	726.0266	222.2703	4928.0569	5047.6728	57.6002	211.2881	189.3827	1363.9306	901.5336	902.6369	4723.6683	4267.1156	1157.2160	149.6536	196.2656	144.4817	549.0818	814.0679	4191.7927
8855.8331	1079.1956	295.9712	181.8249	239.3704	73.5347	777.1973	766.2289	1938.6318	4708.1582	3949.2481	1497.5937	133.0940	185.1227	150.3588	498.1606	878.7923	3983.9754	1952.5220	6953.5614	1303.9166	162.8267	151.4526	151.4788	773.2020	652.6975	4348.7377	5810.8387	4090.7018	234.4595	219.1864	199.0237	60.9602	671.8856	1031.6712	1514.0273	1037.6864	6654.0350	2533.2785	153.6997	161.2880	188.6740	4952.2310	542.0773	534.6909
5526.3919	297.8918	4415.7163	210.7625	76.4307	220.0221	717.4068	2251.9621	706.3127	3257.9582	5648.8040	1321.2378	177.1198	142.3830	151.9534	462.4080	534.8744	4328.7976	1600.4373	3851.0397	4705.5230	173.1876	58.8972	178.0577	2566.7771	585.7361	651.3063	7864.2614	177.8620	1400.8767	189.6276	47.5216	273.9235	1371.0752	1056.4074	250.5270	278.5939	7954.3747	1973.0314	65.8866	150.7755	201.6196	1480.4002	686.2405	1447.2234
207.5047	4869.9595	5108.5358	54.2094	217.8321	155.5021	1232.3784	734.0101	606.0415	4927.8108	3389.8242	1710.3650	242.1904	148.5617	121.7910	566.9639	2674.8602	544.4643	7059.2529	2899.7937	161.9534	236.5062	167.4680	45.2607	691.1826	1363.1100	1078.3015	5777.2312	3796.0131	578.7557	227.7947	219.0196	117.4954	552.8053	841.0369	3766.0014	9797.6661	124.2350	266.0989	153.2692	262.3782	66.4229	1037.5285	736.5705	1533.0413
2095.8041	3235.4123	4818.7836	148.8623	128.8731	175.1725	3526.8590	647.9206	553.7654	8553.3568	190.9696	1432.6736	176.8622	50.7606	191.2309	639.2962	1117.5509	1913.7015	186.5257	2969.1050	7016.3693	49.5311	229.2422	163.7972	1087.2247	771.2270	874.4972	2303.2531	5996.5206	1921.2263	148.8429	174.5447	133.1871	3423.5307	576.2512	704.9460	5884.9264	2422.0350	1820.0386	123.7158	207.2043	122.4492	749.8467	1188.3377	2327.6059
2611.5007	7371.3727	169.1266	209.7767	144.0032	45.1288	1389.1241	640.4455	902.6812	176.5378	7404.7198	2653.7423	46.9512	186.8277	187.1416	995.9820	603.9838	1635.9701	4417.6411	1476.6529	4228.7061	186.9354	143.0512	140.9615	1111.7639	3633.0980	686.4441	217.2152	7370.1967	2677.5881	56.3266	185.5235	235.3758	1313.0345	824.5429	729.4887	4011.4390	977.2849	5256.2761	182.4168	153.9325	160.7282	464.6756	5155.9175	456.8050
3634.8173	5106.9027	174.2800	190.3149	265.8364	49.6216	1928.9700	402.3740	1304.2086	1805.9035	8164.0816	248.0149	192.6669	168.0024	65.9460	1555.4808	646.7826	1787.8631	1582.6419	169.6207	8315.7373	231.6983	44.8314	165.0744	909.9503	909.1256	864.3909	3416.3617	3970.7749	2774.8634	111.9623	225.4444	208.9794	1035.0388	635.3628	431.6287	5913.0526	2693.3517	1626.5957	125.7371	153.1182	148.6639	525.8535	701.4459	3935.4530
268.5667	7908.7913	1708.6420	69.9459	211.2755	271.2373	1979.2118	1140.9116	245.1606	3695.5550	160.8913	6263.5537	230.5834	43.4505	144.2027	1067.9323	908.6029	704.0472	225.6564	7047.6743	2871.6693	59.8898	217.8082	151.1285	1484.5360	799.3873	1007.9340	4259.9019	4947.1092	938.9889	191.6925	168.2147	150.7891	663.4567	656.3864	5098.4282	463.6807	9310.7892	206.5301	277.4221	184.4767	55.7299	208.6994	1229.4506	1355.2280
1183.4623	3566.4667	5481.0710	93.7711	190.9883	184.7252	1518.7973	1389.3468	673.7806	8887.5296	724.8672	656.6031	161.6534	110.1484	235.0632	760.2182	2720.4377	856.5916	4593.0222	1376.6247	4256.3530	186.0042	151.9138	169.7440	461.6432	4184.5161	972.3504	8098.0291	1824.3327	193.6382	155.1603	222.4982	50.8134	609.9746	890.4664	1078.2910	7975.0206	980.8882	1268.0912	147.5778	162.1100	150.8909	653.1208	769.8492	4404.8098
2679.5337	6809.9164	196.5499	171.1423	246.7181	52.0287	921.2760	651.9076	1225.8695	5794.8467	4137.2154	233.9379	197.8962	203.6556	60.6181	568.3914	1086.2707	1476.2293	6796.7306	209.4261	3112.8433	175.3669	54.4435	253.0477	719.2798	1248.9038	490.6152	4466.5162	166.0188	5631.4650	189.7338	44.6183	182.8002	766.1478	939.2236	1427.1950	7749.0171	2295.2127	187.7702	183.8273	191.0494	49.4456	695.0770	1513.3164	1051.7828
5591.5060	2283.8971	2300.5969	162.9491	176.5401	125.8482	1010.7415	2244.7570	2103.5676	4957.7453	4933.4780	209.7767	187.1477	243.5465	54.8464	952.8390	587.3769	1283.7431	3005.2595	246.1196	6977.6209	198.8079	63.0713	174.3970	1395.9728	1537.5677	854.3356	5414.2313	207.9755	4491.7932	188.2696	55.0844	217.8966	1248.9253	1316.1210	744.6745	1162.9688	2154.8735	6759.1578	121.0864	254.9386	121.7703	2716.9963	505.2091	563.4292
3767.6313	1438.1244	4998.2443	150.6033	152.2114	196.4423	877.7426	4081.9474	690.2656	2409.0439	3203.9168	4583.0392	188.4552	100.0180	144.7451	1799.6165	1438.0075	1311.5784	242.3996	5011.9029	4926.6975	62.7355	205.4559	194.0696	1583.5233	853.0759	868.7922	1392.7116	5956.5615	2800.7269	145.2628	124.4492	114.0477	4244.5923	654.2975	719.6997	6193.6579	2930.3705	1132.9716	162.4212	193.6365	152.8200	695.8100	603.7624	4669.9562
2418.2381	1011.2475	3293.5144	288.2951	137.5638	265.4015	53.1956	3554.4959	241.1588	6730.6955	2464.0532	1059.2513	158.8214	186.1056	153.1663	548.6096	566.1501	4884.7506	6400.0152	3547.5346	274.4502	181.9012	181.6655	71.5589	1019.1099	1571.8930	1933.4669	3628.7233	2876.0025	3626.2742	197.6466	153.7677	148.9486	468.8275	3110.6291	1396.4330	191.6103	2463.7357	7514.6540	51.5316	184.6508	175.4956	1156.8671	1752.7523	706.2543
3355.8813	5812.9435	1024.1752	182.2273	175.5337	145.6403	550.8740	1180.3062	4498.8237	5408.9545	1201.6845	3585.3610	138.7604	146.4571	188.7001	495.8753	4199.8449	946.1651	3282.1638	4868.7778	2029.0584	174.9150	134.6066	153.5060	862.8694	592.2121	3622.4894	1903.2591	3154.8725	5179.8684	146.4019	120.1100	162.1462	3674.3440	560.8545	676.9873	3070.2251	4824.5314	2301.2435	176.3862	125.7337	151.2669	936.0789	545.4362	3443.6099
5691.9025	2853.9150	1639.1825	126.9204	124.8782	198.5370	841.1817	2094.6137	1613.0555	6593.1298	3139.8547	224.0155	185.7430	263.2828	58.1948	752.0340	366.2952	1395.7675	5703.5012	808.2422	3674.2566	183.0312	142.8708	191.8424	987.4903	5034.0002	438.0531	6947.3692	1624.7424	1716.8884	135.1635	174.7276	152.9343	543.7786	671.9471	3862.2178	4447.9790	2753.4263	2902.5947	72.5843	220.8430	99.1883	831.0257	918.2448	1108.8156
2367.3458	247.5953	7539.0589	240.2570	64.3134	194.2304	705.2458	1668.7337	988.4560	4243.9685	3409.5212	2454.5103	127.1539	136.3538	225.7488	943.8411	2384.2109	990.9907	2588.9798	4574.5323	2965.4878	182.0508	197.8721	82.3264	1711.7243	977.1240	1285.1106	3617.0904	6279.9572	207.9525	168.6176	235.7417	54.6358	731.3053	599.7066	1286.1842	7169.6525	1179.3255	1896.0220	155.3712	152.7560	182.4990	606.6325	4596.7183	398.6177
3042.7546	4728.6739	2368.5715	185.9569	159.1931	113.2912	1679.8970	1456.6185	1774.9543	2811.9337	1001.7018	6397.3646	184.8853	154.0503	161.1671	415.7396	5077.3925	460.4073	6655.8294	503.9827	2948.1879	215.2711	107.6475	152.7980	948.2903	3223.9062	1276.6705	6328.9554	235.3991	3629.6455	192.9511	60.8664	240.6455	823.1635	1507.2657	573.5723	3592.0772	1642.5651	4811.3577	90.0501	166.0382	131.4582	1170.0878	2819.5350	1591.2363
172.5086	6726.1117	3262.3797	46.8793	181.8336	196.8667	1029.6586	1442.4101	637.7164	3339.9035	3160.8304	187.2661	197.4479	278.6131	50.9057	1800.8589	195.1122	1262.7227	4806.8754	5160.5848	247.5399	206.1673	211.9126	64.2255	1053.7016	536.6253	1653.4961	2917.9159	3985.0295	3200.0545	215.2199	113.2493	247.3913	433.0259	1446.5841	529.8627	3639.9681	4615.9714	1905.0604	115.6797	139.3005	178.1675	1442.6657	1811.4697	2142.0824
4408.1949	1230.0655	4559.7396	189.1200	153.7357	148.6454	592.1835	4506.0544	554.3325	1198.7377	8575.0348	223.2275	264.1285	186.4376	57.8520	393.5469	736.9420	1356.1383	5276.1216	299.3763	4531.5021	197.9782	76.2698	208.1405	625.0763	2192.6802	1240.5378	3881.9510	5010.9275	1261.1215	123.0703	200.3256	122.7009	599.9695	1213.1139	2709.1783	4010.8597	5727.8979	283.2424	258.5844	215.8095	73.2337	373.4251	876.0255	2117.6430
4677.3752	1036.2877	4436.3370	193.3942	149.3968	155.7565	710.6031	4723.7697	592.4991	4427.7730	5481.9446	215.2824	218.3588	179.3653	56.1348	739.5074	780.6333	1303.9631	5833.6619	4150.4236	213.9145	234.0681	175.4493	55.9260	586.7888	756.1175	1319.8437	1235.7173	4588.4259	4402.8568	225.0396	78.5530	131.9141	904.8732	858.3239	874.1809	1960.2296	1016.6021	7272.1683	167.8584	152.0986	157.9389	582.4496	4984.0531	547.5092
6077.7184	2138.0093	1686.2723	227.9919	264.6351	150.6338	572.3917	300.7598	3242.0429	4223.5585	5723.7276	188.7139	203.0361	179.0710	50.4183	1097.1736	1166.8875	1125.3276	8896.0324	701.3612	609.6064	146.6460	104.4294	234.7673	835.4557	2421.3531	869.1002	6288.4425	187.0499	3759.5076	220.6471	49.6644	157.8586	717.3359	1114.4330	788.3148	223.9878	3126.5408	6800.4715	58.2706	249.5861	183.2109	1408.1002	514.2779	851.5616
199.5371	8436.9307	1540.5322	53.4825	166.7332	191.2552	1240.1237	822.8506	1769.2745	3481.1528	6433.4059	219.4414	221.2243	177.5575	58.0615	1010.7820	1183.4009	1397.3361	3945.5911	1893.4748	4326.9341	186.7329	152.1320	144.2596	529.7769	3684.0588	732.7966	3217.7906	181.5451	6821.6643	187.9021	48.1702	184.9071	1523.9268	1035.6054	731.0365	3828.6488	3857.0266	2560.3247	102.5258	163.7463	149.9898	723.0164	793.7459	3238.2697
237.1499	1381.3373	8599.5128	61.1319	247.4094	188.8472	1495.5171	529.1341	703.7137	3912.2298	850.7630	5390.0072	189.3158	149.5939	171.4436	709.6812	5362.0643	603.9046	7744.8546	1139.3628	1294.7826	159.6989	112.8423	170.1746	980.2598	2167.0198	2966.9855	3224.1072	6555.4814	460.4114	144.7013	201.7137	94.1119	774.3942	889.8334	2538.9147	4491.4051	5453.2060	231.3889	215.4749	190.5056	60.3540	958.7769	923.4495	1488.1263
7448.0844	1007.2146	1702.7010	168.7917	130.0098	184.9936	730.6230	3337.1166	2129.5557	2069.6694	5434.5627	2644.7680	153.7055	146.1699	186.0888	3581.2407	794.0252	569.9318	6395.9060	1030.8756	2882.2184	162.5967	154.1055	189.3743	525.0930	4990.9497	480.1458	4016.9933	2270.8637	3952.1430	184.6296	134.9740	134.0337	1349.1583	2721.2025	784.8905	6008.1095	383.7402	3810.1503	199.5554	88.1696	193.2942	516.4895	2496.6292	1331.0347
1915.5548	2079.0779	5449.3673	279.4929	149.5310	215.7592	155.6672	2926.1001	777.4345	2881.5569	6361.1700	1028.2731	162.5334	152.9034	151.0594	551.0015	541.2172	4940.7629	4180.2489	3815.8743	2185.8767	136.0132	194.4305	151.0169	726.7645	631.1699	3478.5018	7593.0408	2043.1893	322.7700	222.0719	263.5340	83.1994	840.1677	335.2999	2662.6165	5971.8639	206.9798	4007.1563	194.8127	53.8482	197.1195	557.2421	1215.0354	1280.9577
6966.7428	3024.1534	222.1038	180.2495	238.1737	57.7302	697.6702	618.6104	1362.4251	2603.8819	6677.8182	979.2999	181.9126	157.9035	150.9676	878.9018	527.7625	4984.2770	5224.2111	4377.1332	656.6557	206.8888	174.7261	107.2873	985.6318	1593.2377	2713.5430	2606.4039	200.5579	7417.0382	142.6179	52.9902	211.8663	580.3599	1219.1361	732.2317	3809.1910	1977.9751	4350.8338	142.5701	71.1492	206.3606	531.0586	817.8514	863.5440
5236.3259	272.3133	4743.3608	213.6460	69.8704	211.9981	873.4991	1902.9334	499.4972	7308.2756	1786.6350	1083.0894	157.7296	119.4164	187.5902	915.1216	2146.4572	2329.3363	5284.4375	4832.7795	164.7830	209.3738	146.6644	45.5324	1159.4824	873.7552	994.6285	4775.9343	4455.3001	1001.7656	189.6844	176.3545	145.9461	436.0481	1145.0997	4570.9401	1239.0676	7775.3756	1209.5567	146.7656	151.2297	116.2413	4473.3588	558.7466	403.2087
193.3686	8104.5557	1854.0757	50.6547	176.1707	241.0451	1108.3246	882.7861	671.2790	7634.2156	191.2409	2352.5435	209.0464	50.6649	144.5693	744.2638	1137.7952	626.1586	1842.2560	1530.9758	6806.7681	119.7129	164.9515	154.2255	1959.7462	3056.6527	1015.2496	531.9757	594.8312	9084.1931	88.1881	206.0811	149.7789	1928.6797	1990.5252	747.0708	6163.8079	191.7123	3277.4799	260.2501	52.1672	193.3198	460.6891	1331.7839	1686.0331
4737.6630	1922.5649	3440.7722	137.5109	155.5248	180.8384	620.1151	3729.5686	831.1049	2578.0400	6192.5687	1381.3913	172.6160	154.9621	151.4197	958.4915	800.0569	4199.9129	5843.5240	3358.3921	1021.0838	161.3412	185.7695	154.0995	488.8308	458.9615	5022.5711	7096.9646	2932.7768	161.2586	155.3877	188.9308	42.9588	718.8367	1459.6185	833.5792	5924.3720	2839.7852	288.8427	220.6616	276.3397	75.5210	1151.2260	197.4353	2303.2819
7700.7406	2262.4713	280.7882	236.5235	210.1266	72.6104	585.3727	972.3317	2077.5287	5104.4161	177.8680	4875.7159	163.1666	48.5881	236.9579	1070.0101	1130.0228	617.6640	6342.9028	2234.0532	1689.0440	134.5715	173.6054	152.7356	541.0908	639.1975	3880.8535	4601.7536	232.1993	5337.0471	203.7018	60.3133	212.0627	1185.0451	1494.2280	652.0199	4587.4166	2978.1112	2572.4722	243.5293	157.1811	220.3984	444.3589	2857.9212	326.1390
6258.2220	2464.5990	1428.1790	136.1789	202.2625	123.4091	918.8926	1359.2455	2589.6670	4096.7230	1292.9817	4721.2953	235.1691	135.4980	150.1533	621.6550	3003.5598	1427.5567	351.4824	2308.0530	7564.4645	218.0034	98.1127	144.2696	2112.2485	1548.1517	969.1129	8726.1548	1092.4927	384.3525	153.5765	151.3602	160.2427	639.3564	4764.4263	696.0505	245.9876	1279.3673	8403.6452	63.4723	270.7814	209.2730	1624.6293	257.6194	980.7121
5621.8539	2923.8921	1633.2540	214.0118	194.8862	101.8055	682.8049	1195.0266	1784.4177	7633.6577	214.4956	2276.8466	181.0891	55.7312	231.4725	789.0170	1286.7070	712.9279	2657.3299	6341.9570	980.7130	144.3207	134.0226	264.1023	2813.9145	756.5437	414.1566	3211.1869	1250.0420	5762.7711	123.8375	147.2501	147.8058	448.3339	4448.9046	573.8654	1966.1259	6425.9385	1706.9356	207.5470	105.6846	250.8729	555.7695	773.4865	570.5521
1396.8368	5770.1224	2909.0408	203.6284	135.7289	230.4336	354.7232	1404.6664	714.2885	9066.8915	208.7370	953.3715	229.3236	54.9977	167.6176	593.0678	1330.7358	1022.4316	2287.4396	4781.0154	3055.5450	200.9763	90.9581	192.7465	1272.5086	746.2657	642.0454	9075.4764	889.0540	202.4696	173.4149	251.5660	53.0020	754.0125	576.8433	1169.6704	1446.6547	3050.8807	5641.4646	128.2427	217.2423	129.4090	2785.9709	973.4446	728.5592
5891.8134	4048.3485	234.8381	203.2612	202.9030	60.7510	504.2727	1046.3004	1477.7468	7223.8569	1255.1710	1746.9721	158.5491	153.2881	184.1886	659.5665	4463.9864	488.5727	7467.1558	1958.0003	733.8439	169.0760	148.9108	130.1481	536.9273	3614.4438	877.8497	4647.7615	5273.1782	244.0603	213.1338	191.8985	63.2464	953.4100	758.2025	1598.0341	6281.3962	2839.7299	684.8739	181.0623	148.0266	273.6232	574.9099	2766.7513	279.3339
2693.7048	5441.9992	2068.2960	180.1293	97.3430	172.9409	746.1925	1171.8004	2373.6375	6618.5300	3138.8915	417.5785	183.0297	202.2459	87.4014	1067.5437	1256.4972	2219.5522	1517.2353	8427.2361	222.5286	204.7888	140.0494	56.9675	1373.6439	662.4115	1236.9989	7546.5219	1088.6047	1600.8735	155.3016	152.7868	182.0117	527.7647	4807.0624	443.9462	2310.8463	3195.8252	4689.3285	151.0625	184.9689	126.8379	3390.4203	663.8343	560.7089
2953.3200	2943.6702	4240.0098	112.2830	210.6152	100.8639	1594.3912	1187.8546	508.0942	2214.4676	1378.3624	6607.1699	175.6693	152.3181	158.1743	844.9530	4213.8203	800.8689	3777.9604	5408.4150	1062.6246	177.1077	153.8525	153.1535	454.3180	464.3708	4884.2865	7337.8432	1457.6199	1496.5369	136.6304	173.6448	151.4639	533.2958	583.8985	4084.3959	1970.4838	7932.6717	261.8445	251.3900	201.2193	67.6234	474.2739	725.4715	1803.4550
199.8685	4771.7276	5266.4039	53.5924	188.1505	145.5262	1223.7431	1367.4284	779.9986	5245.5903	129.3952	4816.0144	209.4612	37.6986	169.9384	877.0708	842.5797	1663.9180	5784.6717	4201.7105	203.6177	182.0381	220.7354	54.0068	1085.3353	880.5365	1261.6508	4165.4973	2120.8118	3886.6909	180.8905	105.5557	203.0318	1271.8787	1743.4638	1071.1487	8815.4105	1180.6445	183.9451	135.8734	95.8096	250.4136	740.7260	1622.0128	1009.1925
4703.4834	3320.3195	2125.1971	127.5662	172.4181	152.1284	562.9824	1050.0423	3516.8944	1217.6767	3781.1111	5247.2122	154.5099	188.6815	163.1957	4557.4798	569.0738	683.0499	4516.1982	5385.7091	205.0926	218.8761	179.9028	54.1082	828.2575	983.1619	1253.5784	925.7323	4598.6452	4671.6225	115.3625	229.1273	120.2387	2695.1609	659.0745	555.9166	4819.0201	5113.0437	258.9362	187.6983	228.5646	66.7348	1172.8872	686.8073	1736.8413
2701.5816	3619.0102	3830.4082	213.5728	133.0395	238.2246	362.5156	1712.0567	516.8689	2610.1799	5525.1460	2028.6741	114.4818	182.3862	192.9242	1775.0167	613.7036	1619.3027	986.6065	2276.4981	4456.8954	114.7956	279.1410	178.7039	2675.5279	192.2080	1454.4778	1352.5459	8431.6560	374.7980	252.6354	198.0049	91.4391	519.1946	736.0821	2874.0060	1356.1556	2368.5086	6083.3358	142.4216	265.5179	135.8904	3578.8762	393.7484	533.3990
1651.7630	4513.2911	3977.9459	106.1175	237.0374	163.5871	1899.0618	588.8832	871.8398	7844.7318	411.1952	1987.0730	139.2597	213.9444	103.8740	934.5646	2110.4504	1528.3822	4549.8979	2810.3887	2816.7134	179.0852	113.1553	150.2655	641.0417	583.2966	3199.0899	3995.2512	1304.3375	4897.4113	184.4992	152.6449	168.7887	450.1035	4329.0507	858.3810	4087.3378	2846.3135	3220.3487	117.2780	177.6526	155.1571	483.0081	609.1117	3196.9479
6544.9455	246.8119	3410.2426	221.9716	63.6865	200.8514	691.6852	1629.1185	965.5761	4529.4753	3733.9353	1904.5894	186.2815	102.0088	132.7104	1464.3672	1076.9517	2450.5190	3013.4550	2668.3872	4386.1578	188.4120	104.6945	120.3700	1520.0721	1468.5109	586.6437	5014.0585	1027.8938	4129.0477	224.8544	96.8950	210.3243	642.2373	1488.9396	515.4030	3372.9460	2921.2946	3819.7594	180.1481	191.6789	116.8845	658.1183	1602.9683	1650.9861
1679.9652	211.3701	8267.6647	190.1360	55.7797	223.7149	1475.2092	1358.4963	589.3841	2947.9355	4270.1528	2951.9117	151.2556	202.3334	116.9072	3110.1429	586.5969	540.5508	3477.4551	6506.8251	154.7198	183.1463	181.4878	42.5526	1763.8875	813.7500	886.0393	1286.0400	174.3282	8738.6318	187.0611	46.7754	182.3926	2099.4620	988.8437	599.2131	8716.2135	1014.1766	240.6099	205.3737	265.9607	63.2617	1196.1910	322.5435	1655.6425
2023.9573	7955.9897	179.0530	247.7286	179.0996	47.6969	597.3994	1088.7970	1032.4485	8404.6896	1409.4873	309.8231	200.9490	265.6029	78.2853	1324.9655	319.3377	2252.6420	835.1053	6209.0993	3136.7954	117.8188	141.1735	193.1393	3003.7202	792.3417	1455.3055	5666.3091	145.6756	4330.0153	179.4400	41.3747	211.2610	1706.1379	926.3440	538.2257	7202.8946	2278.9364	699.1689	163.2716	203.3451	105.1921	1093.5629	1529.4203	2502.8404
8018.5656	1969.5248	200.9096	174.8052	240.9624	52.9778	889.7262	643.7054	1194.5574	7365.1181	2574.7324	195.1494	164.6136	203.3905	51.1643	670.9269	1262.8342	1098.3559	3359.9025	3916.5561	2886.5414	198.4327	98.8730	238.9001	706.8614	1144.1891	690.4498	2732.8265	3263.3890	4225.7845	151.7329	175.4625	122.9807	3194.4627	663.3551	636.2740	5139.2130	4772.8468	182.9402	184.2685	198.9096	49.5641	1444.0069	499.0054	1118.6691
4474.6624	184.2258	5272.1118	256.6277	48.5081	167.1608	490.4030	1078.1492	819.2458	4796.8906	3577.2829	1711.8265	135.6133	155.5915	252.8192	625.4685	2844.7688	599.7693	2762.6110	5346.3570	2077.0320	131.9593	202.5573	148.8415	881.9661	1069.0850	3197.8748	1270.0727	4061.9929	4820.9343	243.9379	112.8967	143.9904	665.3145	1509.9394	1965.0743	4291.9680	3929.1258	1950.9062	165.8960	118.1607	146.5052	619.2155	677.7013	3649.3836
5557.3667	654.6371	3670.9962	158.9371	121.2865	251.1099	1571.3576	3448.5111	650.8147	7514.9696	1884.8264	741.2040	209.3628	143.7482	268.1167	579.5199	2968.8683	302.1328	3090.6662	5739.0193	1172.3145	125.8723	251.8538	132.2134	547.2245	510.1768	3301.6592	254.3864	4082.2167	5868.3968	69.9292	190.1696	176.9598	1963.5507	460.7585	1559.8423	5206.8588	4797.3689	161.7723	173.2919	212.4770	45.5736	1474.2942	853.4831	1039.3121
218.7244	5993.1304	4013.1452	57.3903	214.6007	195.2270	1397.0954	771.9591	1265.7164	4133.3460	5873.0826	161.5714	181.1949	184.7302	44.5226	1635.5426	832.9959	955.0948	3490.7239	4462.3601	1970.9160	166.5308	189.2454	44.0683	2222.9452	874.0459	588.4587	2633.7854	188.7356	7467.4789	190.3948	49.5082	187.5906	1490.1589	1061.0061	586.5667	5440.0336	190.0617	4516.9047	228.3207	51.6643	149.4491	680.9688	1214.4200	870.9569
6912.3430	957.5293	2372.1277	155.9345	118.3185	199.8601	1084.4960	2827.6433	1380.3414	5027.1257	376.1964	4467.6778	242.6027	49.7552	156.7370	775.5829	845.2299	888.2981	2692.0099	3403.2151	4111.7750	143.1663	156.0676	195.9858	1161.8933	2868.3133	430.1703	7583.6042	201.1764	2390.2194	180.5236	54.6206	183.3354	975.1104	1289.9285	1820.0142	8003.6166	177.2436	1959.1399	137.5784	252.4945	87.2878	736.7287	943.0427	1205.2185
6361.5849	3597.7731	196.6420	176.4374	196.9039	51.4821	711.0553	1295.8290	1116.4675	4686.7602	1950.9554	3507.2844	92.0571	152.7107	177.1557	662.8786	3389.8394	600.5857	4422.9860	3800.4508	1923.5632	156.8633	97.3221	217.5266	1062.8443	1289.3100	1005.7246	2134.1785	4859.0267	3096.7949	248.3515	193.2147	150.0813	456.4280	842.8839	2544.3780	7726.8009	302.6964	2006.5028	212.1074	78.0138	267.1680	1101.1580	2358.8613	286.5522
6935.4166	2995.2131	201.3703	182.3261	206.9955	54.6042	1416.3343	1254.4066	1298.7263	1010.4234	208.5814	8936.9952	242.5879	54.1138	169.2776	712.1672	1201.4869	649.3392	316.8974	3415.7276	6295.3750	81.3185	251.8297	216.4151	2541.3020	496.4925	824.1816	2090.1548	7961.7941	175.0511	188.2107	178.8795	46.8491	1772.7819	658.0922	983.3235	2773.0392	1636.9052	5526.0556	187.4749	253.3431	101.5512	839.6158	576.0706	837.4573
3454.2088	952.5672	5807.2240	186.5975	149.8396	157.6149	818.6672	4998.4481	538.3207	6231.7561	2622.6787	1326.5652	102.2674	225.8457	96.3638	545.1800	808.0157	1486.6641	2725.0892	6126.7957	1236.1151	198.0787	148.6856	213.3633	436.6678	1968.5659	1048.7816	8956.9533	1146.7006	177.3461	179.0233	188.8631	47.7555	580.7876	2167.3165	1013.8970	3331.3807	3105.0934	3701.5258	151.2017	241.0754	202.5063	2575.1453	621.8846	517.6248
5022.5128	4084.4926	297.9946	219.1374	270.0831	77.5848	1083.0437	278.0261	2397.8155	3488.1406	3746.8107	2856.0486	226.0860	126.4388	188.9543	828.9600	1793.4578	627.9865	640.7088	9364.3302	147.9610	99.2185	152.7982	256.8784	2248.7148	1004.5079	842.4461	5292.4652	4776.2395	198.2953	209.7064	179.4337	51.9950	870.7850	936.8644	1154.3322	8692.5037	1154.2978	285.1984	175.1977	180.7092	59.4336	635.5882	2562.5839	1108.3158
156.9312	732.2926	8944.7762	42.5137	277.5286	185.6635	901.4610	203.7717	1458.9146	3718.9334	181.2033	6293.8633	203.7049	48.9915	184.2440	485.8209	1106.6408	1423.6759	9165.4321	225.4574	756.1105	188.1592	58.3557	258.9414	785.0004	1381.8506	437.0984	4738.7004	4007.8719	1461.4277	130.8596	100.7919	163.2589	1924.3270	494.6879	2998.4956	195.3141	8804.5101	1238.1759	51.4361	186.5783	193.1407	1134.4733	571.2741	1894.5951
6238.8276	1339.9748	2636.1976	159.4293	153.8087	190.7037	755.0795	4327.2775	602.5470	3100.3547	206.8607	7003.7846	191.3106	54.4876	220.0076	1328.5653	1294.4256	639.0719	5163.6778	1724.7196	3236.6026	154.5453	126.7107	238.6510	761.7540	2598.2768	689.5511	3138.6244	221.5207	6899.8549	223.2817	57.4967	165.0500	749.1714	1342.8943	659.6906	3071.8793	3656.0127	3539.1081	104.2498	208.9697	191.0719	1073.9946	944.7438	565.4160
3876.7708	147.3437	3291.8855	184.9071	40.5665	271.1406	1820.5258	925.5853	367.3884	4517.1318	180.4140	5479.4542	198.9879	47.6261	186.8957	635.2502	1016.8174	1300.3426	8423.9151	605.0248	1150.0602	155.3169	106.7521	196.5462	1028.7780	2846.4044	1815.3539	4528.7862	4386.0044	1262.2095	151.6229	191.1535	153.4535	675.0538	624.9716	4434.5518	811.2820	6550.8212	2782.8967	146.5689	171.9866	190.4516	5314.6913	651.3336	837.8979
7928.4320	2105.3439	180.2241	177.2868	191.2040	47.6990	791.8894	1597.6194	995.1950	5227.1207	3997.5366	935.3427	134.6601	220.7163	105.1000	636.3737	699.6237	2160.9797	6929.7349	3110.3630	189.9021	190.8507	191.0523	50.7848	884.8183	1566.2552	1143.0140	304.7144	5694.7285	4063.5571	76.3908	232.5410	147.1224	2112.1816	873.9345	863.1492	2653.9773	1695.8020	5785.2208	164.3225	150.6635	183.3797	1284.8122	3755.2677	477.6926
4950.0661	470.8249	4692.1090	232.4016	101.7923	204.2228	659.7964	3095.5437	860.8950	6212.9024	983.3304	2841.7672	177.3790	142.4600	190.6895	1172.1808	4405.9664	445.6019	6947.7230	195.0530	2942.2240	165.7470	51.0402	220.7244	736.6764	1111.0158	984.1874	205.3297	4647.3254	5322.3449	53.7753	227.7664	159.4786	1229.9562	665.3849	653.1921	5956.1054	3958.4466	174.4480	181.6170	196.2044	48.0754	1526.8648	911.9214	1081.2194
712.5819	865.0893	8635.3288	107.1843	184.7225	151.9510	2508.3175	2657.5116	1073.2606	5068.4913	3507.0978	1455.4109	147.1461	120.6734	264.8880	955.8772	1674.1454	391.9146	2947.9090	6989.3256	222.7654	197.7240	221.3363	58.1933	1212.2041	592.9336	1412.9243	7256.6656	937.8094	1634.5250	164.5914	132.0511	267.6940	1750.5090	3335.1333	354.9687	208.8888	9568.0830	378.0282	54.1196	167.0681	249.6826	1190.3140	624.2178	757.6953
8684.6713	1324.7838	187.5449	175.7980	194.6758	49.4513	716.0679	1775.9922	1045.0021	4417.0932	607.0348	5115.8720	209.4840	113.0100	200.7124	710.7838	3287.7212	1495.4327	5142.4499	2828.5076	2227.0424	177.6487	151.4508	121.8732	656.2046	3132.0159	960.8473	294.2827	333.6255	9602.0918	70.3887	255.3238	160.5668	1688.4343	633.1585	681.0109	3883.4024	5791.2577	401.3399	175.0671	89.9291	216.1181	535.0273	836.5239	1997.2444
5875.1137	250.4033	4067.4830	194.8544	64.7296	219.7284	825.5235	1675.5680	953.6431	2863.9633	4464.8506	337.1862	274.9350	210.0244	87.3011	244.9584	1566.5593	2879.7417	6359.6913	3539.3569	220.9518	183.2886	205.3917	57.6497	761.9863	1222.2739	1361.4881	5639.9553	186.8637	4352.1810	221.7457	49.2113	174.5426	828.7304	1084.6452	999.7057	6126.7106	3568.5058	183.7836	252.6019	174.2882	49.5534	516.1273	1150.0666	1176.3367
4058.6639	5931.1256	222.2105	199.4343	197.0311	57.6134	1100.0246	540.5352	1345.7473	5363.8817	3687.4350	950.6833	75.2193	163.8386	238.9211	672.0404	1172.3204	905.7308	6252.7369	226.1170	3721.1460	210.5228	60.2427	187.8034	554.5702	1520.0865	1594.3592	5941.1797	3194.8355	1081.9848	123.8098	188.7209	123.5064	505.2803	1375.8684	2973.0575	4380.3984	2366.4210	3438.1806	218.1637	141.7026	114.7791	945.9863	1977.3551	1547.7711
4839.0796	3063.9312	2302.9892	162.0028	113.4888	148.4863	757.9569	608.2173	3430.4668	559.1179	4930.4041	4732.4780	106.2188	186.3895	136.4243	3020.2955	1311.2769	494.7020	5324.4137	1383.9194	3441.6669	203.9828	145.5865	132.0855	686.0892	3848.9718	536.7031	6601.1013	3320.3483	189.5504	169.2601	204.1879	50.3334	926.6095	1153.9977	1099.3174	4482.9696	2232.7264	3325.3040	201.7237	81.2329	244.0646	941.6148	928.8044	554.7732
1369.1997	189.5986	8587.2018	107.0557	248.6811	134.3200	1906.0600	1084.3787	737.6410	1434.4091	3282.9757	5475.6151	153.1932	182.4567	145.4521	4171.4956	567.2969	577.1131	8000.2094	2105.8449	156.9456	182.1583	182.2610	42.8102	662.6405	1892.8048	874.9855	1760.7795	226.5042	8014.7163	260.8990	58.5038	200.5623	388.1733	1402.8105	961.0385	3540.7454	6469.0055	186.2491	202.5500	164.0367	48.9271	1102.1341	724.6588	1025.3653
5068.6874	300.2403	4821.0723	239.6245	77.0331	209.2591	609.3187	2294.1079	672.4173	1242.0632	4202.4009	4777.5358	101.1535	166.6922	104.3043	1719.9141	1649.2242	430.0537	7106.7481	2829.1379	209.1139	174.7675	204.4512	54.4692	688.3881	1111.8599	1218.6349	3200.3733	628.4101	6338.2166	236.5577	106.3264	187.0966	592.6224	2791.2694	678.6458	7746.7097	2233.3387	176.9517	186.2087	187.6392	47.1025	640.2824	1657.1857	989.1821
2384.7436	5006.9993	2826.2572	150.2600	135.4342	187.2864	3367.8952	667.7885	547.7890	1030.3424	7002.7464	2269.9112	153.0022	159.7662	177.1774	4961.0015	541.9811	570.2151	5876.8590	182.5463	4087.5947	188.4326	48.7094	212.3603	1386.8220	1085.9655	465.4374	6260.7103	3341.8950	286.3947	141.9275	233.4377	75.4770	765.5283	1085.2733	2160.0379	1304.4570	8050.1801	717.3629	243.1758	147.6475	110.9576	643.7361	1020.7105	2797.9677
2345.4558	7062.6206	617.9237	252.6131	154.8462	122.4030	627.7959	1380.3849	3647.4458	5600.0219	4324.4164	234.5617	189.3955	216.3803	61.6258	1284.6283	952.7389	1547.0811	7063.1128	216.2543	2924.6329	186.5515	56.1781	236.3327	864.1815	1314.1040	650.7692	2026.4592	417.9223	7806.6185	186.7601	90.9349	143.2308	1742.2611	2480.6817	712.3631	361.6616	4882.8521	4910.4864	81.0746	220.8731	141.5404	2076.0424	716.5375	737.1230
1786.2673	3512.6900	4660.0428	227.7720	133.3615	106.0655	1030.6877	2245.3290	494.4641	1546.9348	7637.3667	925.6985	170.9033	147.0142	126.4478	2583.8309	1271.0312	3015.4809	5693.7823	212.2282	4265.9895	236.5134	55.4571	173.7931	582.0930	1314.1873	783.2873	5155.1829	1181.2621	3848.5550	199.4708	151.5396	162.8184	595.2873	4484.8218	870.9826	2420.4585	3973.1035	3711.4380	147.3069	125.2573	177.3348	3168.8936	600.7801	1341.7267
1866.6851	4042.5529	2450.7620	215.3216	100.1390	278.9879	1221.9223	848.1418	188.2214	4410.0431	187.2232	5538.7337	188.0583	49.8975	189.7043	1462.9296	1109.0889	530.8348	3288.1113	3741.4445	2719.4443	139.3125	253.8411	162.1873	459.6453	607.9616	3178.0585	1104.4870	2138.9282	6930.5848	151.5819	166.9659	157.3680	4728.5962	639.1625	677.7444	9257.8619	184.5586	729.5795	149.8094	48.4203	231.5359	637.8153	984.2454	907.1105
7176.1487	465.1754	2020.6759	220.4124	108.2529	270.4305	982.1534	3747.6612	259.6799	8254.6024	199.0420	1674.3556	174.5456	53.5399	187.6564	888.9686	1229.8171	1953.7528	1090.4333	3131.5081	5965.0586	161.3846	114.5075	124.3265	3794.9751	671.0544	1483.4872	2502.1070	1750.1235	5887.7695	144.3246	104.0752	227.6695	720.7874	1732.5079	678.8465	3896.2395	3047.5157	3227.2448	221.5521	206.3604	154.5094	581.2731	366.2061	2592.1059
6914.7657	2077.3013	1245.9330	149.3378	115.7093	145.4601	550.8758	577.5299	4489.7328	1523.3753	2568.9270	6122.6977	151.6361	174.9283	155.5672	3992.0574	945.7871	893.6352	5548.7863	240.7045	4404.5092	204.0009	62.1485	204.8850	552.4876	1551.5135	1067.1050	4308.2818	1441.1005	4411.6177	132.7664	133.8765	225.4564	738.4248	3048.5158	907.9366	4069.7396	4667.2258	1497.0346	181.7663	142.3804	153.9013	555.1607	574.4104	4110.9616
196.0448	3897.3145	6132.6407	52.1002	211.0528	183.1283	1196.0839	964.4426	1211.0265	1947.2434	6166.7296	1697.0270	273.6358	223.0359	150.4647	212.7141	829.0040	3218.2772	4256.3459	204.7337	5724.9204	207.9391	53.1005	178.6971	855.3724	1175.6867	813.1598	2253.4198	555.5435	6480.0368	278.5240	128.6806	245.3401	141.4091	5009.3766	499.6361	8797.4343	178.1857	1273.3800	177.6540	47.7584	188.9668	618.3088	1017.4388	2112.3879
5027.5494	4836.2796	197.1710	190.1010	243.1139	52.1581	1202.8860	640.4596	1213.2710	3945.3941	1022.4209	5208.1850	195.2956	151.6392	165.9787	611.3555	4883.4828	701.0001	6024.9168	2938.5378	1272.5454	145.5387	179.8937	152.3392	534.2914	482.8796	4419.4473	191.6333	2861.7773	7065.5894	53.3929	227.6690	147.7418	1286.1515	1021.1305	919.1402	4771.4488	2486.6006	2804.9507	228.5130	160.3952	259.1692	503.3685	3083.0067	363.2351
6544.0624	3465.6172	188.3204	147.3596	214.4792	49.8490	626.6222	835.4068	1062.9582	2316.1299	1792.8566	5972.0135	96.0039	201.8967	99.8236	1185.5583	1409.0929	493.4095	4857.8158	209.1647	5048.0195	191.1517	55.3441	247.3809	1232.9347	1356.5814	527.3916	4469.7305	5326.4442	211.8253	259.3967	178.3834	55.3019	417.7987	754.3305	1301.1517	1316.0924	7605.2882	1188.6195	185.1099	168.4090	71.4772	2239.8442	597.4404	896.1177
5353.3660	4639.4100	195.2240	168.0706	221.2051	52.6997	1114.3067	787.2047	1228.1236	4201.9476	184.7923	5818.2601	174.2410	49.7947	232.1363	1198.2131	1162.7071	633.8284	8525.2245	1160.0337	530.7418	146.6568	149.0927	145.5522	658.5256	4607.8068	674.0223	552.9596	1959.8135	7734.2270	100.9110	219.8873	132.7619	2641.1233	1011.4546	576.7367	178.1405	1444.5195	8640.3400	47.3496	189.8431	169.7830	985.1256	1975.9844	591.1591
2797.6301	3529.0321	3743.3378	245.2614	124.6740	144.4354	678.7057	692.0582	2605.5435	4990.9853	214.1358	5028.8790	169.7991	55.6670	225.5076	664.7478	1292.4639	659.1733	5739.3275	4249.5228	239.1497	157.4974	225.3961	60.9623	720.7082	670.6092	1432.8319	3730.5334	777.5138	5636.9528	193.6942	139.0488	181.5202	458.6824	4844.1858	1107.0876	1213.9312	1139.3971	7849.6717	153.9153	149.4233	155.6122	662.2700	4645.0429	617.2531
4344.3485	219.5141	5571.1374	251.4842	57.2997	194.5214	460.1794	1397.7827	1065.5603	4284.8610	197.1592	5644.9798	231.4682	52.5145	181.9566	730.3089	1233.8326	1177.5111	6237.6936	3765.3932	156.9131	183.1147	187.9547	44.7062	1790.9390	483.9071	994.3781	5674.6332	177.3470	4244.0198	180.9561	49.1870	247.4356	1503.0089	1192.8515	596.4872	5503.3355	672.9884	3976.6761	200.3678	107.4343	138.5710	1053.5368	2718.8717	713.6356
8323.7680	177.4089	1721.8230	174.5639	48.6342	184.7635	952.4064	1080.2597	2009.3356	2519.6841	3977.3394	3630.9765	155.0970	139.9514	191.0568	3338.7736	930.8914	839.0141	2287.9247	1869.1191	5984.9562	66.4848	166.5676	164.3930	683.7592	2683.2854	864.1177	3071.7969	197.0469	6421.1562	257.1690	51.2775	177.0977	537.1616	1135.5597	822.9478	2899.0068	3038.3611	4075.6322	191.8547	56.6786	143.6212	1472.0543	774.7897	1150.2914
6894.9352	845.3753	2417.6895	135.6538	181.3971	96.3539	1256.4922	2910.4718	1244.3446	5432.2285	211.2707	4521.5009	205.4530	56.1773	191.4884	618.3707	1362.7125	1413.9558	2620.7151	2923.4035	4621.8814	95.6576	74.1494	145.4483	464.1064	715.1109	2317.7598	4061.1531	1631.6887	4372.1582	146.6669	135.2267	234.5245	1270.3722	2909.3011	810.5592	3783.7676	2674.4621	3783.7702	212.3737	83.6526	181.0465	1015.6424	819.9379	859.7894
7289.2611	2449.5269	401.2119	180.9351	142.4249	260.7827	973.8177	2662.0414	427.6830	5552.5526	198.3416	4488.1058	220.2719	52.2675	150.9046	699.4925	1182.8383	618.0084	206.4455	8420.1514	1530.4031	53.8004	170.6994	200.2075	1196.2731	628.5703	1577.3474	5524.6334	4525.1114	175.2553	179.3550	212.0899	47.8566	1369.6703	901.9508	1079.9258	2755.5829	2320.9882	5034.4289	111.2510	212.1880	146.6974	1627.9721	1027.5405	837.7215
